Workbook

Sheet Column Forces
B1: Story | C1: Column | D1: Load | E1: Loc | F1: P | G1: V2 | H1: V3 | I1: T | J1: M2 | K1: M3
A2: =+CONCATENATE(B2,D2,E2) -> GROUND FLUL10 | B2: GROUND FL | C2: C1 | D2: UL1 | E2: 0 | F2: -615.43 | G2: 185.03 | H2: -4.04 | I2: -0.065 | J2: -12.325 | K2: 301.468
A3: =+CONCATENATE(B3,D3,E3) -> GROUND FLUL11.615 | B3: GROUND FL | C3: C1 | D3: UL1 | E3: 1.615 | F3: -615.43 | G3: 185.03 | H3: -4.04 | I3: -0.065 | J3: -5.679 | K3: 1.952
A4: =+CONCATENATE(B4,D4,E4) -> GROUND FLUL13.23 | B4: GROUND FL | C4: C1 | D4: UL1 | E4: 3.23 | F4: -615.43 | G4: 185.03 | H4: -4.04 | I4: -0.065 | J4: 0.993 | K4: -297.574
A5: =+CONCATENATE(B5,D5,E5) -> GROUND FLUL20 | B5: GROUND FL | C5: C1 | D5: UL2 | E5: 0 | F5: 2370.53 | G5: 14.42 | H5: 160.88 | I5: -0.105 | J5: 263.82 | K5: 23.739
A6: =+CONCATENATE(B6,D6,E6) -> GROUND FLUL21.615 | B6: GROUND FL | C6: C1 | D6: UL2 | E6: 1.615 | F6: 2370.53 | G6: 14.42 | H6: 160.88 | I6: -0.105 | J6: 2.141 | K6: 0.449
A7: =+CONCATENATE(B7,D7,E7) -> GROUND FLUL23.23 | B7: GROUND FL | C7: C1 | D7: UL2 | E7: 3.23 | F7: 2370.53 | G7: 14.42 | H7: 160.88 | I7: -0.105 | J7: -259.548 | K7: -22.844
A8: =+CONCATENATE(B8,D8,E8) -> GROUND FLUL30 | B8: GROUND FL | C8: C1 | D8: UL3 | E8: 0 | F8: 23.31 | G8: 7.38 | H8: 8.02 | I8: 0.079 | J8: 9.74 | K8: 12.016
A9: =+CONCATENATE(B9,D9,E9) -> GROUND FLUL31.615 | B9: GROUND FL | C9: C1 | D9: UL3 | E9: 1.615 | F9: 23.31 | G9: 7.38 | H9: 8.02 | I9: 0.079 | J9: -3.235 | K9: 0.076
A10: =+CONCATENATE(B10,D10,E10) -> GROUND FLUL33.23 | B10: GROUND FL | C10: C1 | D10: UL3 | E10: 3.23 | F10: 23.31 | G10: 7.38 | H10: 8.02 | I10: 0.079 | J10: -16.194 | K10: -11.864
A11: =+CONCATENATE(B11,D11,E11) -> BASE 1 FLUL10 | B11: BASE 1 FL | C11: C1 | D11: UL1 | E11: 0 | F11: -1677.84 | G11: 81.19 | H11: 10.59 | I11: -0.034 | J11: 8.294 | K11: 133.056
A12: =+CONCATENATE(B12,D12,E12) -> BASE 1 FLUL11.615 | B12: BASE 1 FL | C12: C1 | D12: UL1 | E12: 1.615 | F12: -1677.84 | G12: 81.19 | H12: 10.59 | I12: -0.034 | J12: -8.782 | K12: 0.98
A13: =+CONCATENATE(B13,D13,E13) -> BASE 1 FLUL13.23 | B13: BASE 1 FL | C13: C1 | D13: UL1 | E13: 3.23 | F13: -1677.84 | G13: 81.19 | H13: 10.59 | I13: -0.034 | J13: -25.764 | K13: -131.107
... A4045: =+CONCATENATE(B4045,D4045,E4045) -> BASE 3 FLUL32.81 | B4045: BASE 3 FL | C4045: C45 | D4045: UL3 | E4045: 2.81 | F4045: -3208.6 | G4045: -273.34 | H4045: 373.76 | I4045: 2.257 | J4045: -528.091 | K4045: 380.743

Sheet Shear Wall Forces
B1: Story | C1: Pier | D1: Load | E1: Loc | F1: P | G1: V2 | H1: V3 | I1: T | J1: M2 | K1: M3
A2: =+CONCATENATE(B2,D2,E2) -> ROOF FLUL1Top | B2: ROOF FL | C2: P1 | D2: UL1 | E2: Top | F2: -19406.26 | G2: -2178.14 | H2: -29129.58 | I2: -156395.96 | J2: 338849.28 | K2: -22472.16
A3: =+CONCATENATE(B3,D3,E3) -> ROOF FLUL1Bottom | B3: ROOF FL | C3: P1 | D3: UL1 | E3: Bottom | F3: -19406.26 | G3: -2178.14 | H3: -29129.58 | I3: -155497.1 | J3: 199798.84 | K3: -32434.246
A4: =+CONCATENATE(B4,D4,E4) -> ROOF FLUL2Top | B4: ROOF FL | C4: P1 | D4: UL2 | E4: Top | F4: -50460.92 | G4: -38403.99 | H4: 903.78 | I4: 2937.565 | J4: 6059.512 | K4: -481116.42
A5: =+CONCATENATE(B5,D5,E5) -> ROOF FLUL2Bottom | B5: ROOF FL | C5: P1 | D5: UL2 | E5: Bottom | F5: -50460.92 | G5: -38403.99 | H5: 903.78 | I5: 2931.323 | J5: 10151.799 | K5: -645661.62
A6: =+CONCATENATE(B6,D6,E6) -> ROOF FLUL3Top | B6: ROOF FL | C6: P1 | D6: UL3 | E6: Top | F6: 125.18 | G6: 61.75 | H6: 1094.06 | I6: 10589.219 | J6: -11610.484 | K6: 241.946
A7: =+CONCATENATE(B7,D7,E7) -> ROOF FLUL3Bottom | B7: ROOF FL | C7: P1 | D7: UL3 | E7: Bottom | F7: 125.18 | G7: 61.75 | H7: 1094.06 | I7: 10726.403 | J7: -6891.311 | K7: 516.488
A8: =+CONCATENATE(B8,D8,E8) -> TERRACE FLUL1Top | B8: TERRACE FL | C8: P1 | D8: UL1 | E8: Top | F8: -36564.91 | G8: 13206.06 | H8: -95094.7 | I8: -390640.54 | J8: 637174.39 | K8: -64986.039
A9: =+CONCATENATE(B9,D9,E9) -> TERRACE FLUL1Bottom | B9: TERRACE FL | C9: P1 | D9: UL1 | E9: Bottom | F9: 35933 | G9: 125663.69 | H9: -107829.18 | I9: -425585.66 | J9: 322971.15 | K9: 67284.287
A10: =+CONCATENATE(B10,D10,E10) -> TERRACE FLUL2Top | B10: TERRACE FL | C10: P1 | D10: UL2 | E10: Top | F10: -69751.47 | G10: 71582.17 | H10: 5684.97 | I10: 13205.412 | J10: 7655.874 | K10: -825821.59
A11: =+CONCATENATE(B11,D11,E11) -> TERRACE FLUL2Bottom | B11: TERRACE FL | C11: P1 | D11: UL2 | E11: Bottom | F11: -69759.53 | G11: 73217.46 | H11: 8684.46 | I11: 9495.898 | J11: 18138.133 | K11: -568835.45
A12: =+CONCATENATE(B12,D12,E12) -> TERRACE FLUL3Top | B12: TERRACE FL | C12: P1 | D12: UL3 | E12: Top | F12: 652.86 | G12: -593.34 | H12: 1815.62 | I12: 82544.977 | J12: -17003.645 | K12: 906.578
A13: =+CONCATENATE(B13,D13,E13) -> TERRACE FLUL3Bottom | B13: TERRACE FL | C13: P1 | D13: UL3 | E13: Bottom | F13: -346.7 | G13: -1297.24 | H13: 2792.09 | I13: 81225.812 | J13: -7877.833 | K13: -979.495
... A127: =+CONCATENATE(B127,D127,E127) -> BASE 3 FLUL3Bottom | B127: BASE 3 FL | C127: P1 | D127: UL3 | E127: Bottom | F127: -3490.7 | G127: 1118.75 | H127: -976.77 | I127: 778049.39 | J127: 287176.45 | K127: 36009.919
A128: /

Sheet Base Reactions
B2: Story | C2: Point | D2: Load | E2: FX | F2: FY | G2: FZ | H2: MX | I2: MY | J2: MZ
B3: BASE | C3: 6 | D3: EQX | E3: -1.17 | F3: -0.25 | G3: -217.31 | H3: 0.405 | I3: -1.867 | J3: 0.003
B4: BASE | C4: 6 | D4: EQY | E4: 0.03 | F4: -1.06 | G4: -107.71 | H4: 1.779 | I4: 0.111 | J4: 0.001
B5: BASE | C5: 6 | D5: EQXN | E5: -1.85 | F5: 0.13 | G5: -256.6 | H5: -0.242 | I5: -2.949 | J5: -0.003
B6: BASE | C6: 6 | D6: EQYN | E6: 0.41 | F6: -1.28 | G6: -85.65 | H6: 2.144 | I6: 0.722 | J6: 0.005
B7: BASE | C7: 6 | D7: UL1 | E7: -962.96 | F7: -81.7 | G7: -140083.52 | H7: 118.595 | I7: -1543.111 | J7: 0.582
B8: BASE | C8: 6 | D8: UL2 | E8: 10.52 | F8: -747.04 | G8: -64257.24 | H8: 1241.374 | I8: 50.344 | J8: 0.774
B9: BASE | C9: 6 | D9: UL3 | E9: -134.44 | F9: 75.78 | G9: -6837.48 | H9: -129.128 | I9: -214.987 | J9: -1.113
B10: BASE | C10: 6 | D10: RSEQX | E10: 1.73 | F10: 0.43 | G10: 212.19 | H10: 0.711 | I10: 2.769 | J10: 0.006
B11: BASE | C11: 6 | D11: RSEQY | E11: 0.84 | F11: 1.36 | G11: 69.38 | H11: 2.256 | I11: 1.375 | J11: 0.007
B12: BASE | C12: 6 | D12: RSEQXELAS | E12: 4.24 | F12: 1.11 | G12: 499.61 | H12: 1.852 | I12: 6.812 | J12: 0.015
B13: BASE | C13: 6 | D13: RSEQYELAS | E13: 2.06 | F13: 3.21 | G13: 155.39 | H13: 5.328 | I13: 3.345 | J13: 0.018
B14: BASE | C14: 6 | D14: SESMASSX | E14: 1.36 | F14: 0.05 | G14: 830.47 | H14: -0.036 | I14: 1.722 | J14: 0.004
... B3977: BASE | C3977: 789 | D3977: CORSY1DL MIN | E3977: -4.14 | F3977: -2.17 | G3977: 413.89 | H3977: -4.059 | I3977: -6.533 | J3977: -0.018

Sheet STORY DATA
B1: Storey Height for Building
B3: Story | C3: Height | D3: Elevation | E3: SimilarTo
B4: UP ROOF FL | C4: 3.2 | D4: 36 | E4: None
B5: ROOF FL | C5: 3.2 | D5: 32.8 | E5: None
B6: 9TH FL | C6: 3.2 | D6: 29.6 | E6: 3RD FL
B7: 8TH FL | C7: 3.2 | D7: 26.4 | E7: 3RD FL
B8: 7TH FL | C8: 3.2 | D8: 23.2 | E8: 3RD FL
B9: 6TH FL | C9: 3.2 | D9: 20 | E9: 3RD FL
B10: 5TH FL | C10: 3.2 | D10: 16.8 | E10: 3RD FL
B11: 4TH FL | C11: 3.2 | D11: 13.6 | E11: 3RD FL
B12: 3RD FL | C12: 3.2 | D12: 10.4 | E12: None
B13: 2ND FL | C13: 3.2 | D13: 7.2 | E13: 3RD FL
B14: 1ST FL | C14: 4 | D14: 4 | E14: None
B15: GROUND FL | C15: 3.04 | D15: 0 | E15: None
... B17: BASE | C17: 0 | D17: -6.04 | E17: None

Sheet Diaphram Drift
B1: Project : | C1: =+DISPLACEMENT!C1 -> BAHRU SARBET MODEL 1-3 q=1
B2: Client : | C2: =+DISPLACEMENT!C2 -> ATO BAHRU
B3: Consultant : | C3: =+[1]DISPLACEMENT!C3 -> 0
B4: Designed by : | C4: =+[1]DISPLACEMENT!C4 -> Sofonias Bezabeh
B6: Diaphram Dispacement
B8: Story | C8: Item | D8: Load | E8: Point | F8: X | G8: Y | H8: Z | I8: DriftX | J8: DriftY
B9: UP ROOF FL | C9: Diaph D15 X | D9: EQX | E9: 603 | F9: 12.7 | G9: 26.7 | H9: 40.8 | I9: 0.001003
B10: UP ROOF FL | C10: Diaph D15 Y | D10: EQX | E10: 357 | F10: 8.35 | G10: 16.7 | H10: 40.8 | J10: 3e-05
B11: UP ROOF FL | C11: Diaph D15 X | D11: EQY | E11: 603 | F11: 12.7 | G11: 26.7 | H11: 40.8 | I11: 6.9e-05
B12: UP ROOF FL | C12: Diaph D15 Y | D12: EQY | E12: 407 | F12: 8.35 | G12: 19.2 | H12: 40.8 | J12: 0.000496
B13: UP ROOF FL | C13: Diaph D15 X | D13: EQXN | E13: 244 | F13: 12.7 | G13: 11.2 | H13: 40.8 | I13: 0.001063
B14: UP ROOF FL | C14: Diaph D15 Y | D14: EQXN | E14: 407 | F14: 8.35 | G14: 19.2 | H14: 40.8 | J14: 3.9e-05
B15: UP ROOF FL | C15: Diaph D15 X | D15: EQYN | E15: 603 | F15: 12.7 | G15: 26.7 | H15: 40.8 | I15: 0.000169
B16: UP ROOF FL | C16: Diaph D15 Y | D16: EQYN | E16: 407 | F16: 8.35 | G16: 19.2 | H16: 40.8 | J16: 0.00053
B17: UP ROOF FL | C17: Diaph D15 X | D17: UL1 | E17: 244 | F17: 12.7 | G17: 11.2 | H17: 40.8 | I17: 0.774941
B18: UP ROOF FL | C18: Diaph D15 Y | D18: UL1 | E18: 337 | F18: 8.35 | G18: 15.5 | H18: 40.8 | J18: 0.044055
B19: UP ROOF FL | C19: Diaph D15 X | D19: UL2 | E19: 603 | F19: 12.7 | G19: 26.7 | H19: 40.8 | I19: 0.092912
B20: UP ROOF FL | C20: Diaph D15 Y | D20: UL2 | E20: 407 | F20: 8.35 | G20: 19.2 | H20: 40.8 | J20: 0.638206
B21: UP ROOF FL | C21: Diaph D15 X | D21: UL3 | E21: 603 | F21: 12.7 | G21: 26.7 | H21: 40.8 | I21: 0.09432
B22: UP ROOF FL | C22: Diaph D15 Y | D22: UL3 | E22: 287 | F22: 8.35 | G22: 13.634 | H22: 40.8 | J22: 0.036129
B23: UP ROOF FL | C23: Diaph D15 X | D23: RSEQX | E23: 244 | F23: 12.7 | G23: 11.2 | H23: 40.8 | I23: 0.001155
B24: UP ROOF FL | C24: Diaph D15 Y | D24: RSEQX | E24: 603 | F24: 12.7 | G24: 26.7 | H24: 40.8 | J24: 0.000126
B25: UP ROOF FL | C25: Diaph D15 X | D25: RSEQY | E25: 603 | F25: 12.7 | G25: 26.7 | H25: 40.8 | I25: 0.000299
B26: UP ROOF FL | C26: Diaph D15 Y | D26: RSEQY | E26: 407 | F26: 8.35 | G26: 19.2 | H26: 40.8 | J26: 0.000823
B27: UP ROOF FL | C27: Diaph D15 X | D27: RSEQXELAS | E27: 244 | F27: 12.7 | G27: 11.2 | H27: 40.8 | I27: 0.002906
B28: UP ROOF FL | C28: Diaph D15 Y | D28: RSEQXELAS | E28: 603 | F28: 12.7 | G28: 26.7 | H28: 40.8 | J28: 0.000326
B29: UP ROOF FL | C29: Diaph D15 X | D29: RSEQYELAS | E29: 603 | F29: 12.7 | G29: 26.7 | H29: 40.8 | I29: 0.000745
B30: UP ROOF FL | C30: Diaph D15 Y | D30: RSEQYELAS | E30: 407 | F30: 8.35 | G30: 19.2 | H30: 40.8 | J30: 0.002141
B31: UP ROOF FL | C31: Diaph D15 X | D31: SESMASSX | E31: 603 | F31: 12.7 | G31: 26.7 | H31: 40.8 | I31: 0.000341
B32: UP ROOF FL | C32: Diaph D15 Y | D32: SESMASSX | E32: 603 | F32: 12.7 | G32: 26.7 | H32: 40.8 | J32: 7.8e-05
B33: UP ROOF FL | C33: Diaph D15 X | D33: SESMASSY | E33: 603 | F33: 12.7 | G33: 26.7 | H33: 40.8 | I33: 0.000341
B34: UP ROOF FL | C34: Diaph D15 Y | D34: SESMASSY | E34: 603 | F34: 12.7 | G34: 26.7 | H34: 40.8 | J34: 7.8e-05
B35: UP ROOF FL | C35: Diaph D15 X | D35: SESIMPX | E35: 244 | F35: 12.7 | G35: 11.2 | H35: 40.8 | I35: 0.000145
B36: UP ROOF FL | C36: Diaph D15 Y | D36: SESIMPX | E36: 525 | F36: 12.7 | G36: 23.1 | H36: 40.8 | J36: 3e-06
B37: UP ROOF FL | C37: Diaph D15 X | D37: SESIMPY | E37: 603 | F37: 12.7 | G37: 26.7 | H37: 40.8 | I37: 1.8e-05
B38: UP ROOF FL | C38: Diaph D15 Y | D38: SESIMPY | E38: 407 | F38: 8.35 | G38: 19.2 | H38: 40.8 | J38: 7e-05
B39: UP ROOF FL | C39: Diaph D15 X | D39: COMBX1 | E39: 603 | F39: 12.7 | G39: 26.7 | H39: 40.8 | I39: 0.001499
B40: UP ROOF FL | C40: Diaph D15 Y | D40: COMBX1 | E40: 357 | F40: 8.35 | G40: 16.7 | H40: 40.8 | J40: 0.000225
B41: UP ROOF FL | C41: Diaph D15 X | D41: COMBX2 | E41: 603 | F41: 12.7 | G41: 26.7 | H41: 40.8 | I41: 0.001457
B42: UP ROOF FL | C42: Diaph D15 Y | D42: COMBX2 | E42: 603 | F42: 12.7 | G42: 26.7 | H42: 40.8 | J42: 0.000212
B43: UP ROOF FL | C43: Diaph D15 X | D43: COMBX3 | E43: 603 | F43: 12.7 | G43: 26.7 | H43: 40.8 | I43: 0.001529
B44: UP ROOF FL | C44: Diaph D15 Y | D44: COMBX3 | E44: 357 | F44: 8.35 | G44: 16.7 | H44: 40.8 | J44: 0.000236
B45: UP ROOF FL | C45: Diaph D15 X | D45: COMBX4 | E45: 603 | F45: 12.7 | G45: 26.7 | H45: 40.8 | I45: 0.001427
B46: UP ROOF FL | C46: Diaph D15 Y | D46: COMBX4 | E46: 603 | F46: 12.7 | G46: 26.7 | H46: 40.8 | J46: 0.000208
B47: UP ROOF FL | C47: Diaph D15 X | D47: COMBX5 | E47: 603 | F47: 12.7 | G47: 26.7 | H47: 40.8 | I47: 0.001298
B48: UP ROOF FL | C48: Diaph D15 Y | D48: COMBX5 | E48: 384 | F48: 8.35 | G48: 17.95 | H48: 40.8 | J48: 0.000156
B49: UP ROOF FL | C49: Diaph D15 X | D49: COMBX6 | E49: 603 | F49: 12.7 | G49: 26.7 | H49: 40.8 | I49: 0.001256
B50: UP ROOF FL | C50: Diaph D15 Y | D50: COMBX6 | E50: 603 | F50: 12.7 | G50: 26.7 | H50: 40.8 | J50: 0.000183
B51: UP ROOF FL | C51: Diaph D15 X | D51: COMBX7 | E51: 603 | F51: 12.7 | G51: 26.7 | H51: 40.8 | I51: 0.001328
B52: UP ROOF FL | C52: Diaph D15 Y | D52: COMBX7 | E52: 384 | F52: 8.35 | G52: 17.95 | H52: 40.8 | J52: 0.000166
B53: UP ROOF FL | C53: Diaph D15 X | D53: COMBX8 | E53: 603 | F53: 12.7 | G53: 26.7 | H53: 40.8 | I53: 0.001226
B54: UP ROOF FL | C54: Diaph D15 Y | D54: COMBX8 | E54: 603 | F54: 12.7 | G54: 26.7 | H54: 40.8 | J54: 0.000178
B55: UP ROOF FL | C55: Diaph D15 X | D55: COMBX9 | E55: 244 | F55: 12.7 | G55: 11.2 | H55: 40.8 | I55: 0.001167
B56: UP ROOF FL | C56: Diaph D15 Y | D56: COMBX9 | E56: 407 | F56: 8.35 | G56: 19.2 | H56: 40.8 | J56: 0.000165
B57: UP ROOF FL | C57: Diaph D15 X | D57: COMBX10 | E57: 244 | F57: 12.7 | G57: 11.2 | H57: 40.8 | I57: 0.001151
B58: UP ROOF FL | C58: Diaph D15 Y | D58: COMBX10 | E58: 525 | F58: 12.7 | G58: 23.1 | H58: 40.8 | J58: 0.000226
B59: UP ROOF FL | C59: Diaph D15 X | D59: COMBX11 | E59: 244 | F59: 12.7 | G59: 11.2 | H59: 40.8 | I59: 0.001189
B60: UP ROOF FL | C60: Diaph D15 Y | D60: COMBX11 | E60: 407 | F60: 8.35 | G60: 19.2 | H60: 40.8 | J60: 0.000176
B61: UP ROOF FL | C61: Diaph D15 X | D61: COMBX12 | E61: 244 | F61: 12.7 | G61: 11.2 | H61: 40.8 | I61: 0.00113
B62: UP ROOF FL | C62: Diaph D15 Y | D62: COMBX12 | E62: 496 | F62: 12.7 | G62: 22 | H62: 40.8 | J62: 0.000222
B63: UP ROOF FL | C63: Diaph D15 X | D63: COMBX13 | E63: 244 | F63: 12.7 | G63: 11.2 | H63: 40.8 | I63: 0.00132
B64: UP ROOF FL | C64: Diaph D15 Y | D64: COMBX13 | E64: 407 | F64: 8.35 | G64: 19.2 | H64: 40.8 | J64: 0.000235
B65: UP ROOF FL | C65: Diaph D15 X | D65: COMBX14 | E65: 244 | F65: 12.7 | G65: 11.2 | H65: 40.8 | I65: 0.001304
B66: UP ROOF FL | C66: Diaph D15 Y | D66: COMBX14 | E66: 525 | F66: 12.7 | G66: 23.1 | H66: 40.8 | J66: 0.000256
B67: UP ROOF FL | C67: Diaph D15 X | D67: COMBX15 | E67: 244 | F67: 12.7 | G67: 11.2 | H67: 40.8 | I67: 0.001341
B68: UP ROOF FL | C68: Diaph D15 Y | D68: COMBX15 | E68: 407 | F68: 8.35 | G68: 19.2 | H68: 40.8 | J68: 0.000245
B69: UP ROOF FL | C69: Diaph D15 X | D69: COMBX16 | E69: 244 | F69: 12.7 | G69: 11.2 | H69: 40.8 | I69: 0.001283
B70: UP ROOF FL | C70: Diaph D15 Y | D70: COMBX16 | E70: 547 | F70: 12.7 | G70: 24.2 | H70: 40.8 | J70: 0.000251
B71: UP ROOF FL | C71: Diaph D15 X | D71: COMBY1 | E71: 603 | F71: 12.7 | G71: 26.7 | H71: 40.8 | I71: 0.000729
B72: UP ROOF FL | C72: Diaph D15 Y | D72: COMBY1 | E72: 407 | F72: 8.35 | G72: 19.2 | H72: 40.8 | J72: 0.000621
B73: UP ROOF FL | C73: Diaph D15 X | D73: COMBY2 | E73: 244 | F73: 12.7 | G73: 11.2 | H73: 40.8 | I73: 0.000412
B74: UP ROOF FL | C74: Diaph D15 Y | D74: COMBY2 | E74: 407 | F74: 8.35 | G74: 19.2 | H74: 40.8 | J74: 0.000603
B75: UP ROOF FL | C75: Diaph D15 X | D75: COMBY3 | E75: 603 | F75: 12.7 | G75: 26.7 | H75: 40.8 | I75: 0.000669
B76: UP ROOF FL | C76: Diaph D15 Y | D76: COMBY3 | E76: 407 | F76: 8.35 | G76: 19.2 | H76: 40.8 | J76: 0.0006
B77: UP ROOF FL | C77: Diaph D15 X | D77: COMBY4 | E77: 244 | F77: 12.7 | G77: 11.2 | H77: 40.8 | I77: 0.000457
B78: UP ROOF FL | C78: Diaph D15 Y | D78: COMBY4 | E78: 407 | F78: 8.35 | G78: 19.2 | H78: 40.8 | J78: 0.000624
B79: UP ROOF FL | C79: Diaph D15 X | D79: COMBY5 | E79: 603 | F79: 12.7 | G79: 26.7 | H79: 40.8 | I79: 0.000829
B80: UP ROOF FL | C80: Diaph D15 Y | D80: COMBY5 | E80: 407 | F80: 8.35 | G80: 19.2 | H80: 40.8 | J80: 0.000655
B81: UP ROOF FL | C81: Diaph D15 X | D81: COMBY6 | E81: 244 | F81: 12.7 | G81: 11.2 | H81: 40.8 | I81: 0.000484
B82: UP ROOF FL | C82: Diaph D15 Y | D82: COMBY6 | E82: 407 | F82: 8.35 | G82: 19.2 | H82: 40.8 | J82: 0.000637
B83: UP ROOF FL | C83: Diaph D15 X | D83: COMBY7 | E83: 603 | F83: 12.7 | G83: 26.7 | H83: 40.8 | I83: 0.000769
B84: UP ROOF FL | C84: Diaph D15 Y | D84: COMBY7 | E84: 407 | F84: 8.35 | G84: 19.2 | H84: 40.8 | J84: 0.000634
B85: UP ROOF FL | C85: Diaph D15 X | D85: COMBY8 | E85: 244 | F85: 12.7 | G85: 11.2 | H85: 40.8 | I85: 0.00053
B86: UP ROOF FL | C86: Diaph D15 Y | D86: COMBY8 | E86: 407 | F86: 8.35 | G86: 19.2 | H86: 40.8 | J86: 0.000658
B87: UP ROOF FL | C87: Diaph D15 X | D87: COMBY9 | E87: 603 | F87: 12.7 | G87: 26.7 | H87: 40.8 | I87: 0.000554
B88: UP ROOF FL | C88: Diaph D15 Y | D88: COMBY9 | E88: 603 | F88: 12.7 | G88: 26.7 | H88: 40.8 | J88: 0.000608
B89: UP ROOF FL | C89: Diaph D15 X | D89: COMBY10 | E89: 244 | F89: 12.7 | G89: 11.2 | H89: 40.8 | I89: 0.000343
B90: UP ROOF FL | C90: Diaph D15 Y | D90: COMBY10 | E90: 603 | F90: 12.7 | G90: 26.7 | H90: 40.8 | J90: 0.000611
B91: UP ROOF FL | C91: Diaph D15 X | D91: COMBY11 | E91: 603 | F91: 12.7 | G91: 26.7 | H91: 40.8 | I91: 0.000494
B92: UP ROOF FL | C92: Diaph D15 Y | D92: COMBY11 | E92: 603 | F92: 12.7 | G92: 26.7 | H92: 40.8 | J92: 0.0006
B93: UP ROOF FL | C93: Diaph D15 X | D93: COMBY12 | E93: 244 | F93: 12.7 | G93: 11.2 | H93: 40.8 | I93: 0.000389
B94: UP ROOF FL | C94: Diaph D15 Y | D94: COMBY12 | E94: 547 | F94: 12.7 | G94: 24.2 | H94: 40.8 | J94: 0.00062
B95: UP ROOF FL | C95: Diaph D15 X | D95: COMBY13 | E95: 603 | F95: 12.7 | G95: 26.7 | H95: 40.8 | I95: 0.000454
B96: UP ROOF FL | C96: Diaph D15 Y | D96: COMBY13 | E96: 603 | F96: 12.7 | G96: 26.7 | H96: 40.8 | J96: 0.000594
B97: UP ROOF FL | C97: Diaph D15 X | D97: COMBY14 | E97: 244 | F97: 12.7 | G97: 11.2 | H97: 40.8 | I97: 0.000271
B98: UP ROOF FL | C98: Diaph D15 Y | D98: COMBY14 | E98: 603 | F98: 12.7 | G98: 26.7 | H98: 40.8 | J98: 0.000597
B99: UP ROOF FL | C99: Diaph D15 X | D99: COMBY15 | E99: 603 | F99: 12.7 | G99: 26.7 | H99: 40.8 | I99: 0.000394
B100: UP ROOF FL | C100: Diaph D15 Y | D100: COMBY15 | E100: 603 | F100: 12.7 | G100: 26.7 | H100: 40.8 | J100: 0.000585
B101: UP ROOF FL | C101: Diaph D15 X | D101: COMBY16 | E101: 244 | F101: 12.7 | G101: 11.2 | H101: 40.8 | I101: 0.000317
B102: UP ROOF FL | C102: Diaph D15 Y | D102: COMBY16 | E102: 547 | F102: 12.7 | G102: 24.2 | H102: 40.8 | J102: 0.000605
...

Sheet DISPLACEMENT
B1: Project : | C1: BAHRU SARBET MODEL 1-3 q=1
B2: Client : | C2: ATO BAHRU
B3: Consultant :
B4: Designed by : | C4: Sofonias Bezabeh
B6: Diaphram Dispacement
B8: Story | C8: Diaphragm | D8: Load | E8: UX | F8: UY | G8: UZ | H8: RX | I8: RY | J8: RZ | K8: Point | L8: X | M8: Y | N8: Z
B9: UP ROOF FL | C9: D15 | D9: EQX | E9: 0.0667 | F9: 0.0001 | G9: 0 | H9: 0 | I9: 0 | J9: -0.00036 | K9: 1603 | L9: 10.673 | M9: 18.907 | N9: 40.8
B10: UP ROOF FL | C10: D15 | D10: EQY | E10: 0.0004 | F10: 0.0743 | G10: 0 | H10: 0 | I10: 0 | J10: -8e-05 | K10: 1603 | L10: 10.673 | M10: 18.907 | N10: 40.8
B11: UP ROOF FL | C11: D15 | D11: EQXN | E11: 0.0643 | F11: 0.0005 | G11: 0 | H11: 0 | I11: 0 | J11: 0.00117 | K11: 1603 | L11: 10.673 | M11: 18.907 | N11: 40.8
B12: UP ROOF FL | C12: D15 | D12: EQYN | E12: 0.0017 | F12: 0.0741 | G12: 0 | H12: 0 | I12: 0 | J12: -0.00093 | K12: 1603 | L12: 10.673 | M12: 18.907 | N12: 40.8
B13: UP ROOF FL | C13: D15 | D13: UL1 | E13: 36.0479 | F13: 0.0592 | G13: 0 | H13: 0 | I13: 0 | J13: 0.10033 | K13: 1603 | L13: 10.673 | M13: 18.907 | N13: 40.8
B14: UP ROOF FL | C14: D15 | D14: UL2 | E14: 0.2036 | F14: 41.1579 | G14: 0 | H14: 0 | I14: 0 | J14: -0.05851 | K14: 1603 | L14: 10.673 | M14: 18.907 | N14: 40.8
B15: UP ROOF FL | C15: D15 | D15: UL3 | E15: -0.354 | F15: 0.0411 | G15: 0 | H15: 0 | I15: 0 | J15: 0.2646 | K15: 1603 | L15: 10.673 | M15: 18.907 | N15: 40.8
B16: UP ROOF FL | C16: D15 | D16: RSEQX | E16: 0.051 | F16: 0.0079 | G16: 0 | H16: 0 | I16: 0 | J16: 0.00154 | K16: 1603 | L16: 10.673 | M16: 18.907 | N16: 40.8
B17: UP ROOF FL | C17: D15 | D17: RSEQY | E17: 0.0069 | F17: 0.0565 | G17: 0 | H17: 0 | I17: 0 | J17: 0.00138 | K17: 1603 | L17: 10.673 | M17: 18.907 | N17: 40.8
B18: UP ROOF FL | C18: D15 | D18: RSEQXELAS | E18: 0.1174 | F18: 0.0181 | G18: 0 | H18: 0 | I18: 0 | J18: 0.00362 | K18: 1603 | L18: 10.673 | M18: 18.907 | N18: 40.8
B19: UP ROOF FL | C19: D15 | D19: RSEQYELAS | E19: 0.0161 | F19: 0.1154 | G19: 0 | H19: 0 | I19: 0 | J19: 0.00297 | K19: 1603 | L19: 10.673 | M19: 18.907 | N19: 40.8
B20: UP ROOF FL | C20: D15 | D20: SESMASSX | E20: 0.0097 | F20: -0.0031 | G20: 0 | H20: 0 | I20: 0 | J20: -0.00015 | K20: 1603 | L20: 10.673 | M20: 18.907 | N20: 40.8
... B1133: BASE 2 FL | C1133: D1 | D1133: CORSY1DL MIN | E1133: -0.0004 | F1133: -0.0007 | G1133: 0 | H1133: 0 | I1133: 0 | J1133: -4e-05 | K1133: 1617 | L1133: 9.204 | M1133: 16.757 | N1133: -6

Sheet Center of Mass
B1: Project : | C1: =+DISPLACEMENT!C1 -> BAHRU SARBET MODEL 1-3 q=1
B2: Client : | C2: =+DISPLACEMENT!C2 -> ATO BAHRU
B3: Consultant : | C3: =+DISPLACEMENT!C3 -> 0
B4: Designed by : | C4: =+DISPLACEMENT!C4 -> Sofonias Bezabeh
B6: Center of Mass and Rigidity
B8: Story | C8: Diaphragm | D8: MassX | E8: MassY | F8: XCM | G8: YCM | H8: CumMassX | I8: CumMassY | J8: XCCM | K8: YCCM | L8: XCR | M8: YCR
B9: BASE 2 FL | C9: D1 | D9: 302.8886 | E9: 302.8886 | F9: 9.204 | G9: 16.757 | H9: 302.8886 | I9: 302.8886 | J9: 9.204 | K9: 16.757 | L9: 11.335 | M9: 16.082 | O9: =+J9-L9 -> -2.131 | P9: =+K9-M9 -> 0.675
B10: BASE 1 FL | C10: D2 | D10: 963.2613 | E10: 963.2613 | F10: 7.833 | G10: 16.16 | H10: 963.2613 | I10: 963.2613 | J10: 7.833 | K10: 16.16 | L10: 11.094 | M10: 16.266 | O10: =+J10-L10 -> -3.261 | P10: =+K10-M10 -> -0.106
B11: GROUND FL | C11: D3 | D11: 878.4881 | E11: 878.4881 | F11: 7.539 | G11: 16.069 | H11: 878.4881 | I11: 878.4881 | J11: 7.539 | K11: 16.069 | L11: 10.924 | M11: 16.484 | O11: =+J11-L11 -> -3.385 | P11: =+K11-M11 -> -0.415
B12: 1ST FL | C12: D4 | D12: 805.3196 | E12: 805.3196 | F12: 9.072 | G12: 16.512 | H12: 805.3196 | I12: 805.3196 | J12: 9.072 | K12: 16.512 | L12: 10.305 | M12: 15.466 | O12: =+J12-L12 -> -1.233 | P12: =+K12-M12 -> 1.046
B13: 2ND FL | C13: D5 | D13: 754.8454 | E13: 754.8454 | F13: 9.137 | G13: 16.42 | H13: 754.8454 | I13: 754.8454 | J13: 9.137 | K13: 16.42 | L13: 10.021 | M13: 15.984 | O13: =+J13-L13 -> -0.884 | P13: =+K13-M13 -> 0.436
B14: 3RD FL | C14: D6 | D14: 749.0878 | E14: 749.0878 | F14: 9.151 | G14: 16.419 | H14: 749.0878 | I14: 749.0878 | J14: 9.151 | K14: 16.419 | L14: 10.022 | M14: 16.443 | O14: =+J14-L14 -> -0.871 | P14: =+K14-M14 -> -0.024
B15: 4TH FL | C15: D7 | D15: 743.2589 | E15: 743.2589 | F15: 9.158 | G15: 16.391 | H15: 743.2589 | I15: 743.2589 | J15: 9.158 | K15: 16.391 | L15: 10.054 | M15: 16.752 | O15: =+J15-L15 -> -0.896 | P15: =+K15-M15 -> -0.361
B16: 5TH FL | C16: D8 | D16: 736.6812 | E16: 736.6812 | F16: 9.16 | G16: 16.374 | H16: 736.6812 | I16: 736.6812 | J16: 9.16 | K16: 16.374 | L16: 10.106 | M16: 16.948 | O16: =+J16-L16 -> -0.946 | P16: =+K16-M16 -> -0.574
B17: 6TH FL | C17: D9 | D17: 729.8058 | E17: 729.8058 | F17: 9.156 | G17: 16.375 | H17: 729.8058 | I17: 729.8058 | J17: 9.156 | K17: 16.375 | L17: 10.166 | M17: 17.092 | O17: =+J17-L17 -> -1.01 | P17: =+K17-M17 -> -0.717
B18: 7TH FL | C18: D10 | D18: 724.8256 | E18: 724.8256 | F18: 9.155 | G18: 16.367 | H18: 724.8256 | I18: 724.8256 | J18: 9.155 | K18: 16.367 | L18: 10.226 | M18: 17.196 | O18: =+J18-L18 -> -1.071 | P18: =+K18-M18 -> -0.829
B19: 8TH FL | C19: D11 | D19: 724.6522 | E19: 724.6522 | F19: 9.155 | G19: 16.37 | H19: 724.6522 | I19: 724.6522 | J19: 9.155 | K19: 16.37 | L19: 10.28 | M19: 17.271 | O19: =+J19-L19 -> -1.125 | P19: =+K19-M19 -> -0.901
B20: 9TH FL | C20: D12 | D20: 724.4789 | E20: 724.4789 | F20: 9.155 | G20: 16.373 | H20: 724.4789 | I20: 724.4789 | J20: 9.155 | K20: 16.373 | L20: 10.326 | M20: 17.326 | O20: =+J20-L20 -> -1.171 | P20: =+K20-M20 -> -0.953
... B23: UP ROOF FL | C23: D15 | D23: 95.7139 | E23: 95.7139 | F23: 10.673 | G23: 18.907 | H23: 95.7139 | I23: 95.7139 | J23: 10.673 | K23: 18.907 | L23: 10.87 | M23: 18.265 | O23: =+J23-L23 -> -0.197 | P23: =+K23-M23 -> 0.642

Sheet STOREY SHEARS
B1: ='[1]4.2 Modal Load Participation'!I3 -> Project : | C1: =+DISPLACEMENT!C1 -> BAHRU SARBET MODEL 1-3 q=1
B2: ='[1]4.2 Modal Load Participation'!I4 -> Client : | C2: =+DISPLACEMENT!C2 -> ATO BAHRU
B4: ='[1]4.2 Modal Load Participation'!I5 -> Designed by : | C4: =+[1]DISPLACEMENT!C4 -> Sofonias Bezabeh
B6: Storey Shears
B8: Story | C8: Load | D8: Loc | E8: P | F8: VX | G8: VY | H8: T | I8: MX | J8: MY
B9: UP ROOF FL | C9: EQX | D9: Top | E9: 0 | F9: -38.68 | G9: 0 | H9: 761.29 | I9: 0 | J9: 0
B10: UP ROOF FL | C10: EQX | D10: Bottom | E10: 0 | F10: -38.68 | G10: 0 | H10: 761.289 | I10: 0.011 | J10: -134.595
B11: UP ROOF FL | C11: EQY | D11: Top | E11: 0 | F11: 0 | G11: -38.68 | H11: -421.235 | I11: 0 | J11: 0
B12: UP ROOF FL | C12: EQY | D12: Bottom | E12: 0 | F12: 0 | G12: -38.68 | H12: -421.284 | I12: 133.053 | J12: -0.067
B13: UP ROOF FL | C13: EQXN | D13: Top | E13: 0 | F13: -38.68 | G13: 0 | H13: 701.337 | I13: 0 | J13: 0
B14: UP ROOF FL | C14: EQXN | D14: Bottom | E14: 0 | F14: -38.68 | G14: 0 | H14: 701.335 | I14: 0.133 | J14: -134.531
B15: UP ROOF FL | C15: EQYN | D15: Top | E15: 0 | F15: 0 | G15: -38.68 | H15: -404.41 | I15: 0 | J15: 0
B16: UP ROOF FL | C16: EQYN | D16: Bottom | E16: 0 | F16: 0 | G16: -38.68 | H16: -404.458 | I16: 132.983 | J16: -0.105
B17: UP ROOF FL | C17: UL1 | D17: Top | E17: 0 | F17: -100000 | G17: 0 | H17: 1747200 | I17: 0 | J17: 0
B18: UP ROOF FL | C18: UL1 | D18: Bottom | E18: 0 | F18: -100000 | G18: 0 | H18: 1747198.4 | I18: 5.489 | J18: -342093.06
B19: UP ROOF FL | C19: UL2 | D19: Top | E19: 0 | F19: 0 | G19: -100000 | H19: -1041300 | I19: 0 | J19: 0
B20: UP ROOF FL | C20: UL2 | D20: Bottom | E20: 0 | F20: 0 | G20: -100000 | H20: -1041362 | I20: 341964.63 | J20: -22.135
... B2258: BASE 2 FL | C2258: CORSY1DL MIN | D2258: Bottom | E2258: 107701.09 | F2258: -2478.16 | G2258: -5287.9 | H2258: -80733.359 | I2258: 1657520.3 | J2258: -1035437.9

Sheet Area Assign
A1: Story | B1: Area | C1: AreaType | D1: SectionType | E1: Section | F1: AxisAngle | G1: Diaphragm | H1: StiffMod | I1: Pier | J1: Spandrel | K1: SpandStory | L1: Springs | M1: MassPerArea | N1: MeshOption | O1: UnifLoad | P1: TempLoad | Q1: WindPress | R1: NumCorners | S1: ObjectArea | T1: Perimeter | U1: CentroidX | V1: CentroidY | W1: CentroidZ | X1: PolarInertia
A2: UP ROOF FL | B2: W74 | C2: Wall | D2: Wall | E2: W20 | F2: 0 | I2: P1 | R2: 4 | S2: 7.48 | T2: 11.2 | U2: 11.6 | V2: 16.7 | W2: 39.1 | X2: 10.223 | Y2: =X2+(S2*((U2-INDEX('[1]Center of Mass'!$B$8:$M$105,MATCH(A2,'[1]Center of Mass'!$B$8:$B$105,0),9))^2+(V2-INDEX('[1]Center of Mass'!$B$8:$M$105,MATCH(A2,'[1]Center of Mass'!$B$8:$B$105,0),10))^2)) -> #N/A
A3: UP ROOF FL | B3: W101 | C3: Wall | D3: Wall | E3: W20 | F3: 0 | I3: P1 | R3: 4 | S3: 4.25 | T3: 9.3 | U3: 11.125 | V3: 22 | W3: 39.1 | X3: 4.6476 | Y3: =X3+(S3*((U3-INDEX('[1]Center of Mass'!$B$8:$M$105,MATCH(A3,'[1]Center of Mass'!$B$8:$B$105,0),9))^2+(V3-INDEX('[1]Center of Mass'!$B$8:$M$105,MATCH(A3,'[1]Center of Mass'!$B$8:$B$105,0),10))^2)) -> #N/A
A4: UP ROOF FL | B4: W103 | C4: Wall | D4: Wall | E4: W20 | F4: 0 | I4: P1 | R4: 4 | S4: 3.23 | T4: 8.7 | U4: 12.225 | V4: 22 | W4: 39.1 | X4: 3.3545 | Y4: =X4+(S4*((U4-INDEX('[1]Center of Mass'!$B$8:$M$105,MATCH(A4,'[1]Center of Mass'!$B$8:$B$105,0),9))^2+(V4-INDEX('[1]Center of Mass'!$B$8:$M$105,MATCH(A4,'[1]Center of Mass'!$B$8:$B$105,0),10))^2)) -> #N/A
A5: ROOF FL | B5: W74 | C5: Wall | D5: Wall | E5: W20 | F5: 0 | I5: P1 | R5: 4 | S5: 7.48 | T5: 11.2 | U5: 11.6 | V5: 16.7 | W5: 35.7 | X5: 10.223 | Y5: =X5+(S5*((U5-INDEX('[1]Center of Mass'!$B$8:$M$105,MATCH(A5,'[1]Center of Mass'!$B$8:$B$105,0),9))^2+(V5-INDEX('[1]Center of Mass'!$B$8:$M$105,MATCH(A5,'[1]Center of Mass'!$B$8:$B$105,0),10))^2)) -> 894.65162
A6: ROOF FL | B6: W101 | C6: Wall | D6: Wall | E6: W20 | F6: 0 | I6: P1 | R6: 4 | S6: 4.25 | T6: 9.3 | U6: 11.125 | V6: 22 | W6: 35.7 | X6: 4.6476 | Y6: =X6+(S6*((U6-INDEX('[1]Center of Mass'!$B$8:$M$105,MATCH(A6,'[1]Center of Mass'!$B$8:$B$105,0),9))^2+(V6-INDEX('[1]Center of Mass'!$B$8:$M$105,MATCH(A6,'[1]Center of Mass'!$B$8:$B$105,0),10))^2)) -> 871.23427
A7: ROOF FL | B7: W103 | C7: Wall | D7: Wall | E7: W20 | F7: 0 | I7: P1 | R7: 4 | S7: 3.23 | T7: 8.7 | U7: 12.225 | V7: 22 | W7: 35.7 | X7: 3.3545 | Y7: =X7+(S7*((U7-INDEX('[1]Center of Mass'!$B$8:$M$105,MATCH(A7,'[1]Center of Mass'!$B$8:$B$105,0),9))^2+(V7-INDEX('[1]Center of Mass'!$B$8:$M$105,MATCH(A7,'[1]Center of Mass'!$B$8:$B$105,0),10))^2)) -> 592.22919
A8: ROOF FL | B8: W161 | C8: Wall | D8: Wall | E8: W20 | F8: 0 | I8: P1 | R8: 4 | S8: 3.23 | T8: 8.7 | U8: 11.275 | V8: 30.6 | W8: 35.7 | X8: 3.3545 | Y8: =X8+(S8*((U8-INDEX('[1]Center of Mass'!$B$8:$M$105,MATCH(A8,'[1]Center of Mass'!$B$8:$B$105,0),9))^2+(V8-INDEX('[1]Center of Mass'!$B$8:$M$105,MATCH(A8,'[1]Center of Mass'!$B$8:$B$105,0),10))^2)) -> 1436.6642
A9: ROOF FL | B9: W162 | C9: Wall | D9: Wall | E9: W20 | F9: 0 | I9: P1 | R9: 4 | S9: 3.23 | T9: 8.7 | U9: 12.225 | V9: 30.6 | W9: 35.7 | X9: 3.3545 | Y9: =X9+(S9*((U9-INDEX('[1]Center of Mass'!$B$8:$M$105,MATCH(A9,'[1]Center of Mass'!$B$8:$B$105,0),9))^2+(V9-INDEX('[1]Center of Mass'!$B$8:$M$105,MATCH(A9,'[1]Center of Mass'!$B$8:$B$105,0),10))^2)) -> 1376.9021
A10: ROOF FL | B10: W163 | C10: Wall | D10: Wall | E10: W30 | F10: 0 | I10: P1 | R10: 4 | S10: 4.25 | T10: 9.3 | U10: 0.625 | V10: 0 | W10: 35.7 | X10: 4.6476 | Y10: =X10+(S10*((U10-INDEX('[1]Center of Mass'!$B$8:$M$105,MATCH(A10,'[1]Center of Mass'!$B$8:$B$105,0),9))^2+(V10-INDEX('[1]Center of Mass'!$B$8:$M$105,MATCH(A10,'[1]Center of Mass'!$B$8:$B$105,0),10))^2)) -> 2484.6065
A11: ROOF FL | B11: W164 | C11: Wall | D11: Wall | E11: W30 | F11: 0 | I11: P1 | R11: 4 | S11: 3.485 | T11: 8.85 | U11: 1.763 | V11: 0 | W11: 35.7 | X11: 3.6623 | Y11: =X11+(S11*((U11-INDEX('[1]Center of Mass'!$B$8:$M$105,MATCH(A11,'[1]Center of Mass'!$B$8:$B$105,0),9))^2+(V11-INDEX('[1]Center of Mass'!$B$8:$M$105,MATCH(A11,'[1]Center of Mass'!$B$8:$B$105,0),10))^2)) -> 1876.2594
A12: 10TH FL | B12: W74 | C12: Wall | D12: Wall | E12: W20 | F12: 0 | I12: P1 | R12: 4 | S12: 7.48 | T12: 11.2 | U12: 11.6 | V12: 16.7 | W12: 32.3 | X12: 10.223 | Y12: =X12+(S12*((U12-INDEX('[1]Center of Mass'!$B$8:$M$105,MATCH(A12,'[1]Center of Mass'!$B$8:$B$105,0),9))^2+(V12-INDEX('[1]Center of Mass'!$B$8:$M$105,MATCH(A12,'[1]Center of Mass'!$B$8:$B$105,0),10))^2)) -> 828.43247
A13: 10TH FL | B13: W101 | C13: Wall | D13: Wall | E13: W20 | F13: 0 | I13: P1 | R13: 4 | S13: 4.25 | T13: 9.3 | U13: 11.125 | V13: 22 | W13: 32.3 | X13: 4.6476 | Y13: =X13+(S13*((U13-INDEX('[1]Center of Mass'!$B$8:$M$105,MATCH(A13,'[1]Center of Mass'!$B$8:$B$105,0),9))^2+(V13-INDEX('[1]Center of Mass'!$B$8:$M$105,MATCH(A13,'[1]Center of Mass'!$B$8:$B$105,0),10))^2)) -> 781.54343
... A83: 1ST FL | B83: W164 | C83: Wall | D83: Wall | E83: W40 | F83: 0 | I83: P1 | R83: 4 | S83: 3.485 | T83: 8.85 | U83: 1.763 | V83: 0 | W83: 1.7 | X83: 3.6623 | Y83: =X83+(S83*((U83-INDEX('[1]Center of Mass'!$B$8:$M$105,MATCH(A83,'[1]Center of Mass'!$B$8:$B$105,0),9))^2+(V83-INDEX('[1]Center of Mass'!$B$8:$M$105,MATCH(A83,'[1]Center of Mass'!$B$8:$B$105,0),10))^2)) -> 1893.5097
A84: GROUND FL | B84: W1 | C84: Wall | D84: Wall | E84: RW30 | F84: 0 | R84: 4 | S84: 3.75 | T84: 8.5 | U84: 0.625 | V84: -1.1 | W84: -1.5 | X84: 3.3008 | Y84: =X84+(S84*((U84-INDEX('[1]Center of Mass'!$B$8:$M$105,MATCH(A84,'[1]Center of Mass'!$B$8:$B$105,0),9))^2+(V84-INDEX('[1]Center of Mass'!$B$8:$M$105,MATCH(A84,'[1]Center of Mass'!$B$8:$B$105,0),10))^2)) -> 2241.3971
A85: GROUND FL | B85: W2 | C85: Wall | D85: Wall | E85: RW30 | F85: 0 | R85: 4 | S85: 3.075 | T85: 8.05 | U85: 1.763 | V85: -1.1 | W85: -1.5 | X85: 2.5755 | Y85: =X85+(S85*((U85-INDEX('[1]Center of Mass'!$B$8:$M$105,MATCH(A85,'[1]Center of Mass'!$B$8:$B$105,0),9))^2+(V85-INDEX('[1]Center of Mass'!$B$8:$M$105,MATCH(A85,'[1]Center of Mass'!$B$8:$B$105,0),10))^2)) -> 1694.5091
A86: GROUND FL | B86: W3 | C86: Wall | D86: Wall | E86: RW30 | F86: 0 | R86: 4 | S86: 3.075 | T86: 8.05 | U86: 2.788 | V86: -1.1 | W86: -1.5 | X86: 2.5755 | Y86: =X86+(S86*((U86-INDEX('[1]Center of Mass'!$B$8:$M$105,MATCH(A86,'[1]Center of Mass'!$B$8:$B$105,0),9))^2+(V86-INDEX('[1]Center of Mass'!$B$8:$M$105,MATCH(A86,'[1]Center of Mass'!$B$8:$B$105,0),10))^2)) -> 1572.251
A87: GROUND FL | B87: W4 | C87: Wall | D87: Wall | E87: RW30 | F87: 0 | R87: 4 | S87: 3.9 | T87: 8.6 | U87: 3.95 | V87: -1.1 | W87: -1.5 | X87: 3.4743 | Y87: =X87+(S87*((U87-INDEX('[1]Center of Mass'!$B$8:$M$105,MATCH(A87,'[1]Center of Mass'!$B$8:$B$105,0),9))^2+(V87-INDEX('[1]Center of Mass'!$B$8:$M$105,MATCH(A87,'[1]Center of Mass'!$B$8:$B$105,0),10))^2)) -> 1828.4093
A88: GROUND FL | B88: W5 | C88: Wall | D88: Wall | E88: RW30 | F88: 0 | R88: 4 | S88: 4.2 | T88: 8.8 | U88: 5.3 | V88: -1.1 | W88: -1.5 | X88: 3.836 | Y88: =X88+(S88*((U88-INDEX('[1]Center of Mass'!$B$8:$M$105,MATCH(A88,'[1]Center of Mass'!$B$8:$B$105,0),9))^2+(V88-INDEX('[1]Center of Mass'!$B$8:$M$105,MATCH(A88,'[1]Center of Mass'!$B$8:$B$105,0),10))^2)) -> 1775.8603
A89: GROUND FL | B89: W6 | C89: Wall | D89: Wall | E89: RW30 | F89: 0 | R89: 4 | S89: 3.6 | T89: 8.4 | U89: 6.6 | V89: -1.1 | W89: -1.5 | X89: 3.132 | Y89: =X89+(S89*((U89-INDEX('[1]Center of Mass'!$B$8:$M$105,MATCH(A89,'[1]Center of Mass'!$B$8:$B$105,0),9))^2+(V89-INDEX('[1]Center of Mass'!$B$8:$M$105,MATCH(A89,'[1]Center of Mass'!$B$8:$B$105,0),10))^2)) -> 1374.8708
A90: GROUND FL | B90: W7 | C90: Wall | D90: Wall | E90: RW30 | F90: 0 | R90: 4 | S90: 3.45 | T90: 8.3 | U90: 7.775 | V90: -1.1 | W90: -1.5 | X90: 2.9677 | Y90: =X90+(S90*((U90-INDEX('[1]Center of Mass'!$B$8:$M$105,MATCH(A90,'[1]Center of Mass'!$B$8:$B$105,0),9))^2+(V90-INDEX('[1]Center of Mass'!$B$8:$M$105,MATCH(A90,'[1]Center of Mass'!$B$8:$B$105,0),10))^2)) -> 1200.1338
A91: GROUND FL | B91: W8 | C91: Wall | D91: Wall | E91: RW30 | F91: 0 | R91: 4 | S91: 3.45 | T91: 8.3 | U91: 8.925 | V91: -1.1 | W91: -1.5 | X91: 2.9677 | Y91: =X91+(S91*((U91-INDEX('[1]Center of Mass'!$B$8:$M$105,MATCH(A91,'[1]Center of Mass'!$B$8:$B$105,0),9))^2+(V91-INDEX('[1]Center of Mass'!$B$8:$M$105,MATCH(A91,'[1]Center of Mass'!$B$8:$B$105,0),10))^2)) -> 1094.4396
A92: GROUND FL | B92: W9 | C92: Wall | D92: Wall | E92: RW30 | F92: 0 | R92: 4 | S92: 4.7878 | T92: 9.192 | U92: 10.298 | V92: -1.1 | W92: -1.5 | X92: 4.607 | Y92: =X92+(S92*((U92-INDEX('[1]Center of Mass'!$B$8:$M$105,MATCH(A92,'[1]Center of Mass'!$B$8:$B$105,0),9))^2+(V92-INDEX('[1]Center of Mass'!$B$8:$M$105,MATCH(A92,'[1]Center of Mass'!$B$8:$B$105,0),10))^2)) -> 1360.7802
A93: GROUND FL | B93: W10 | C93: Wall | D93: Wall | E93: RW30 | F93: 0 | R93: 4 | S93: 4.8122 | T93: 9.208 | U93: 11.898 | V93: -1.1 | W93: -1.5 | X93: 4.641 | Y93: =X93+(S93*((U93-INDEX('[1]Center of Mass'!$B$8:$M$105,MATCH(A93,'[1]Center of Mass'!$B$8:$B$105,0),9))^2+(V93-INDEX('[1]Center of Mass'!$B$8:$M$105,MATCH(A93,'[1]Center of Mass'!$B$8:$B$105,0),10))^2)) -> 1204.927
A94: GROUND FL | B94: W11 | C94: Wall | D94: Wall | E94: RW30 | F94: 0 | R94: 4 | S94: 3.3095 | T94: 8.206 | U94: 13.252 | V94: -1.1 | W94: -1.5 | X94: 2.8178 | Y94: =X94+(S94*((U94-INDEX('[1]Center of Mass'!$B$8:$M$105,MATCH(A94,'[1]Center of Mass'!$B$8:$B$105,0),9))^2+(V94-INDEX('[1]Center of Mass'!$B$8:$M$105,MATCH(A94,'[1]Center of Mass'!$B$8:$B$105,0),10))^2)) -> 746.7814
A95: GROUND FL | B95: W12 | C95: Wall | D95: Wall | E95: RW30 | F95: 0 | R95: 4 | S95: 3.3095 | T95: 8.206 | U95: 14.355 | V95: -1.1 | W95: -1.5 | X95: 2.8178 | Y95: =X95+(S95*((U95-INDEX('[1]Center of Mass'!$B$8:$M$105,MATCH(A95,'[1]Center of Mass'!$B$8:$B$105,0),9))^2+(V95-INDEX('[1]Center of Mass'!$B$8:$M$105,MATCH(A95,'[1]Center of Mass'!$B$8:$B$105,0),10))^2)) -> 689.34999
... A134: GROUND FL | B134: W67 | C134: Wall | D134: Wall | E134: RW30 | F134: 0 | R134: 4 | S134: 3.6098 | T134: 8.407 | U134: -0.724 | V134: 16.1 | W134: -1.5 | X134: 3.1429 | Y134: =X134+(S134*((U134-INDEX('[1]Center of Mass'!$B$8:$M$105,MATCH(A134,'[1]Center of Mass'!$B$8:$B$105,0),9))^2+(V134-INDEX('[1]Center of Mass'!$B$8:$M$105,MATCH(A134,'[1]Center of Mass'!$B$8:$B$105,0),10))^2)) -> 1896.3534
A135: GROUND FL | B135: W72 | C135: Wall | D135: Wall | E135: W20 | F135: 0 | I135: P1 | R135: 4 | S135: 1.035 | T135: 4.65 | U135: 10.8 | V135: 16.7 | W135: -2.138 | X135: 0.2877 | Y135: =X135+(S135*((U135-INDEX('[1]Center of Mass'!$B$8:$M$105,MATCH(A135,'[1]Center of Mass'!$B$8:$B$105,0),9))^2+(V135-INDEX('[1]Center of Mass'!$B$8:$M$105,MATCH(A135,'[1]Center of Mass'!$B$8:$B$105,0),10))^2)) -> 152.6825
A136: GROUND FL | B136: W73 | C136: Wall | D136: Wall | E136: W20 | F136: 0 | I136: P1 | R136: 4 | S136: 0.765 | T136: 3.75 | U136: 10.8 | V136: 16.7 | W136: -0.638 | X136: 0.12658 | Y136: =X136+(S136*((U136-INDEX('[1]Center of Mass'!$B$8:$M$105,MATCH(A136,'[1]Center of Mass'!$B$8:$B$105,0),9))^2+(V136-INDEX('[1]Center of Mass'!$B$8:$M$105,MATCH(A136,'[1]Center of Mass'!$B$8:$B$105,0),10))^2)) -> 112.76621
A137: GROUND FL | B137: W76 | C137: Wall | D137: Wall | E137: W20 | F137: 0 | I137: P1 | R137: 4 | S137: 2.76 | T137: 6.65 | U137: 11.9 | V137: 16.7 | W137: -2.138 | X137: 1.2732 | Y137: =X137+(S137*((U137-INDEX('[1]Center of Mass'!$B$8:$M$105,MATCH(A137,'[1]Center of Mass'!$B$8:$B$105,0),9))^2+(V137-INDEX('[1]Center of Mass'!$B$8:$M$105,MATCH(A137,'[1]Center of Mass'!$B$8:$B$105,0),10))^2)) -> 344.99628
A138: GROUND FL | B138: W77 | C138: Wall | D138: Wall | E138: W20 | F138: 0 | I138: P1 | R138: 4 | S138: 2.04 | T138: 5.75 | U138: 11.9 | V138: 16.7 | W138: -0.638 | X138: 0.71156 | Y138: =X138+(S138*((U138-INDEX('[1]Center of Mass'!$B$8:$M$105,MATCH(A138,'[1]Center of Mass'!$B$8:$B$105,0),9))^2+(V138-INDEX('[1]Center of Mass'!$B$8:$M$105,MATCH(A138,'[1]Center of Mass'!$B$8:$B$105,0),10))^2)) -> 254.76775
A139: GROUND FL | B139: W78 | C139: Wall | D139: Wall | E139: RW30 | F139: 0 | R139: 4 | S139: 1.6113 | T139: 5.109 | U139: 18.4 | V139: 16.033 | W139: -0.587 | X139: 0.44047 | Y139: =X139+(S139*((U139-INDEX('[1]Center of Mass'!$B$8:$M$105,MATCH(A139,'[1]Center of Mass'!$B$8:$B$105,0),9))^2+(V139-INDEX('[1]Center of Mass'!$B$8:$M$105,MATCH(A139,'[1]Center of Mass'!$B$8:$B$105,0),10))^2)) -> 53.658448
A140: GROUND FL | B140: W79 | C140: Wall | D140: Wall | E140: RW30 | F140: 0 | R140: 4 | S140: 3.7603 | T140: 8.507 | U140: -0.814 | V140: 17.325 | W140: -1.5 | X140: 3.3125 | Y140: =X140+(S140*((U140-INDEX('[1]Center of Mass'!$B$8:$M$105,MATCH(A140,'[1]Center of Mass'!$B$8:$B$105,0),9))^2+(V140-INDEX('[1]Center of Mass'!$B$8:$M$105,MATCH(A140,'[1]Center of Mass'!$B$8:$B$105,0),10))^2)) -> 2040.4422
A141: GROUND FL | B141: W82 | C141: Wall | D141: Wall | E141: RW30 | F141: 0 | R141: 4 | S141: 4.0358 | T141: 8.351 | U141: 18.784 | V141: 17.899 | W141: -2.227 | X141: 3.1243 | Y141: =X141+(S141*((U141-INDEX('[1]Center of Mass'!$B$8:$M$105,MATCH(A141,'[1]Center of Mass'!$B$8:$B$105,0),9))^2+(V141-INDEX('[1]Center of Mass'!$B$8:$M$105,MATCH(A141,'[1]Center of Mass'!$B$8:$B$105,0),10))^2)) -> 212.11199
A142: GROUND FL | B142: W83 | C142: Wall | D142: Wall | E142: RW30 | F142: 0 | R142: 4 | S142: 3.7603 | T142: 8.507 | U142: -0.907 | V142: 18.575 | W142: -1.5 | X142: 3.3125 | Y142: =X142+(S142*((U142-INDEX('[1]Center of Mass'!$B$8:$M$105,MATCH(A142,'[1]Center of Mass'!$B$8:$B$105,0),9))^2+(V142-INDEX('[1]Center of Mass'!$B$8:$M$105,MATCH(A142,'[1]Center of Mass'!$B$8:$B$105,0),10))^2)) -> 2118.6495
A143: GROUND FL | B143: W90 | C143: Wall | D143: Wall | E143: RW30 | F143: 0 | R143: 4 | S143: 3.8389 | T143: 8.201 | U143: 18.817 | V143: 18.003 | W143: -0.735 | X143: 2.8988 | Y143: =X143+(S143*((U143-INDEX('[1]Center of Mass'!$B$8:$M$105,MATCH(A143,'[1]Center of Mass'!$B$8:$B$105,0),9))^2+(V143-INDEX('[1]Center of Mass'!$B$8:$M$105,MATCH(A143,'[1]Center of Mass'!$B$8:$B$105,0),10))^2)) -> 206.26846
A144: GROUND FL | B144: W91 | C144: Wall | D144: Wall | E144: RW30 | F144: 0 | R144: 4 | S144: 2.8077 | T144: 7.872 | U144: -0.988 | V144: 19.667 | W144: -1.5 | X144: 2.3107 | Y144: =X144+(S144*((U144-INDEX('[1]Center of Mass'!$B$8:$M$105,MATCH(A144,'[1]Center of Mass'!$B$8:$B$105,0),9))^2+(V144-INDEX('[1]Center of Mass'!$B$8:$M$105,MATCH(A144,'[1]Center of Mass'!$B$8:$B$105,0),10))^2)) -> 1639.9707
A145: GROUND FL | B145: W92 | C145: Wall | D145: Wall | E145: RW30 | F145: 0 | R145: 4 | S145: 1.5703 | T145: 5.026 | U145: 19.2 | V145: 19.809 | W145: -2.371 | X145: 0.4129 | Y145: =X145+(S145*((U145-INDEX('[1]Center of Mass'!$B$8:$M$105,MATCH(A145,'[1]Center of Mass'!$B$8:$B$105,0),9))^2+(V145-INDEX('[1]Center of Mass'!$B$8:$M$105,MATCH(A145,'[1]Center of Mass'!$B$8:$B$105,0),10))^2)) -> 123.50071
A146: GROUND FL | B146: W93 | C146: Wall | D146: Wall | E146: RW30 | F146: 0 | R146: 4 | S146: 2.1797 | T146: 6.001 | U146: 19.2 | V146: 19.836 | W146: -0.873 | X146: 0.83904 | Y146: =X146+(S146*((U146-INDEX('[1]Center of Mass'!$B$8:$M$105,MATCH(A146,'[1]Center of Mass'!$B$8:$B$105,0),9))^2+(V146-INDEX('[1]Center of Mass'!$B$8:$M$105,MATCH(A146,'[1]Center of Mass'!$B$8:$B$105,0),10))^2)) -> 172.69692
A147: GROUND FL | B147: W94 | C147: Wall | D147: Wall | E147: RW30 | F147: 0 | R147: 4 | S147: 2.8077 | T147: 7.872 | U147: -1.057 | V147: 20.6 | W147: -1.5 | X147: 2.3107 | Y147: =X147+(S147*((U147-INDEX('[1]Center of Mass'!$B$8:$M$105,MATCH(A147,'[1]Center of Mass'!$B$8:$B$105,0),9))^2+(V147-INDEX('[1]Center of Mass'!$B$8:$M$105,MATCH(A147,'[1]Center of Mass'!$B$8:$B$105,0),10))^2)) -> 1695.0067
A148: GROUND FL | B148: W97 | C148: Wall | D148: Wall | E148: RW30 | F148: 0 | R148: 4 | S148: 1.3359 | T148: 4.651 | U148: 19.2 | V148: 21.057 | W148: -2.464 | X148: 0.30262 | Y148: =X148+(S148*((U148-INDEX('[1]Center of Mass'!$B$8:$M$105,MATCH(A148,'[1]Center of Mass'!$B$8:$B$105,0),9))^2+(V148-INDEX('[1]Center of Mass'!$B$8:$M$105,MATCH(A148,'[1]Center of Mass'!$B$8:$B$105,0),10))^2)) -> 135.44681
A149: GROUND FL | B149: W98 | C149: Wall | D149: Wall | E149: RW30 | F149: 0 | R149: 4 | S149: 2.8077 | T149: 7.872 | U149: -1.126 | V149: 21.533 | W149: -1.5 | X149: 2.3107 | Y149: =X149+(S149*((U149-INDEX('[1]Center of Mass'!$B$8:$M$105,MATCH(A149,'[1]Center of Mass'!$B$8:$B$105,0),9))^2+(V149-INDEX('[1]Center of Mass'!$B$8:$M$105,MATCH(A149,'[1]Center of Mass'!$B$8:$B$105,0),10))^2)) -> 1754.9576
A150: GROUND FL | B150: W99 | C150: Wall | D150: Wall | E150: RW30 | F150: 0 | R150: 4 | S150: 2.4141 | T150: 6.376 | U150: 19.2 | V150: 21.085 | W150: -0.966 | X150: 1.0679 | Y150: =X150+(S150*((U150-INDEX('[1]Center of Mass'!$B$8:$M$105,MATCH(A150,'[1]Center of Mass'!$B$8:$B$105,0),9))^2+(V150-INDEX('[1]Center of Mass'!$B$8:$M$105,MATCH(A150,'[1]Center of Mass'!$B$8:$B$105,0),10))^2)) -> 246.60646
A151: GROUND FL | B151: W101 | C151: Wall | D151: Wall | E151: W20 | F151: 0 | I151: P1 | R151: 4 | S151: 3.75 | T151: 8.5 | U151: 11.125 | V151: 22 | W151: -1.5 | X151: 3.3008 | Y151: =X151+(S151*((U151-INDEX('[1]Center of Mass'!$B$8:$M$105,MATCH(A151,'[1]Center of Mass'!$B$8:$B$105,0),9))^2+(V151-INDEX('[1]Center of Mass'!$B$8:$M$105,MATCH(A151,'[1]Center of Mass'!$B$8:$B$105,0),10))^2)) -> 849.06558
A152: GROUND FL | B152: W103 | C152: Wall | D152: Wall | E152: W20 | F152: 0 | I152: P1 | R152: 4 | S152: 2.85 | T152: 7.9 | U152: 12.225 | V152: 22 | W152: -1.5 | X152: 2.3518 | Y152: =X152+(S152*((U152-INDEX('[1]Center of Mass'!$B$8:$M$105,MATCH(A152,'[1]Center of Mass'!$B$8:$B$105,0),9))^2+(V152-INDEX('[1]Center of Mass'!$B$8:$M$105,MATCH(A152,'[1]Center of Mass'!$B$8:$B$105,0),10))^2)) -> 582.46438
A153: GROUND FL | B153: W104 | C153: Wall | D153: Wall | E153: RW30 | F153: 0 | R153: 4 | S153: 1.1016 | T153: 4.276 | U153: 19.2 | V153: 22.303 | W153: -2.558 | X153: 0.21579 | Y153: =X153+(S153*((U153-INDEX('[1]Center of Mass'!$B$8:$M$105,MATCH(A153,'[1]Center of Mass'!$B$8:$B$105,0),9))^2+(V153-INDEX('[1]Center of Mass'!$B$8:$M$105,MATCH(A153,'[1]Center of Mass'!$B$8:$B$105,0),10))^2)) -> 140.13322
A154: GROUND FL | B154: W105 | C154: Wall | D154: Wall | E154: RW30 | F154: 0 | R154: 4 | S154: 3.309 | T154: 8.206 | U154: -1.201 | V154: 22.55 | W154: -1.5 | X154: 2.8173 | Y154: =X154+(S154*((U154-INDEX('[1]Center of Mass'!$B$8:$M$105,MATCH(A154,'[1]Center of Mass'!$B$8:$B$105,0),9))^2+(V154-INDEX('[1]Center of Mass'!$B$8:$M$105,MATCH(A154,'[1]Center of Mass'!$B$8:$B$105,0),10))^2)) -> 2151.9721
A155: GROUND FL | B155: W106 | C155: Wall | D155: Wall | E155: RW30 | F155: 0 | R155: 4 | S155: 2.6484 | T155: 6.751 | U155: 19.2 | V155: 22.334 | W155: -1.06 | X155: 1.3393 | Y155: =X155+(S155*((U155-INDEX('[1]Center of Mass'!$B$8:$M$105,MATCH(A155,'[1]Center of Mass'!$B$8:$B$105,0),9))^2+(V155-INDEX('[1]Center of Mass'!$B$8:$M$105,MATCH(A155,'[1]Center of Mass'!$B$8:$B$105,0),10))^2)) -> 339.5284
A156: GROUND FL | B156: W107 | C156: Wall | D156: Wall | E156: RW30 | F156: 0 | R156: 4 | S156: 0.8672 | T156: 3.901 | U156: 19.2 | V156: 23.547 | W156: -2.651 | X156: 0.14827 | Y156: =X156+(S156*((U156-INDEX('[1]Center of Mass'!$B$8:$M$105,MATCH(A156,'[1]Center of Mass'!$B$8:$B$105,0),9))^2+(V156-INDEX('[1]Center of Mass'!$B$8:$M$105,MATCH(A156,'[1]Center of Mass'!$B$8:$B$105,0),10))^2)) -> 135.36079
A157: GROUND FL | B157: W108 | C157: Wall | D157: Wall | E157: RW30 | F157: 0 | R157: 4 | S157: 3.309 | T157: 8.206 | U157: -1.282 | V157: 23.65 | W157: -1.5 | X157: 2.8173 | Y157: =X157+(S157*((U157-INDEX('[1]Center of Mass'!$B$8:$M$105,MATCH(A157,'[1]Center of Mass'!$B$8:$B$105,0),9))^2+(V157-INDEX('[1]Center of Mass'!$B$8:$M$105,MATCH(A157,'[1]Center of Mass'!$B$8:$B$105,0),10))^2)) -> 2250.1046
A158: GROUND FL | B158: W109 | C158: Wall | D158: Wall | E158: RW30 | F158: 0 | R158: 4 | S158: 2.8828 | T158: 7.126 | U158: 19.2 | V158: 23.583 | W158: -1.154 | X158: 1.6571 | Y158: =X158+(S158*((U158-INDEX('[1]Center of Mass'!$B$8:$M$105,MATCH(A158,'[1]Center of Mass'!$B$8:$B$105,0),9))^2+(V158-INDEX('[1]Center of Mass'!$B$8:$M$105,MATCH(A158,'[1]Center of Mass'!$B$8:$B$105,0),10))^2)) -> 453.68324
A159: GROUND FL | B159: W110 | C159: Wall | D159: Wall | E159: RW30 | F159: 0 | R159: 4 | S159: 3.7602 | T159: 8.507 | U159: -1.369 | V159: 24.825 | W159: -1.5 | X159: 3.3124 | Y159: =X159+(S159*((U159-INDEX('[1]Center of Mass'!$B$8:$M$105,MATCH(A159,'[1]Center of Mass'!$B$8:$B$105,0),9))^2+(V159-INDEX('[1]Center of Mass'!$B$8:$M$105,MATCH(A159,'[1]Center of Mass'!$B$8:$B$105,0),10))^2)) -> 2686.3348
A160: GROUND FL | B160: W111 | C160: Wall | D160: Wall | E160: RW30 | F160: 0 | R160: 4 | S160: 3.84 | T160: 8 | U160: 19.2 | V160: 25 | W160: -1.2 | X160: 2.6624 | Y160: =X160+(S160*((U160-INDEX('[1]Center of Mass'!$B$8:$M$105,MATCH(A160,'[1]Center of Mass'!$B$8:$B$105,0),9))^2+(V160-INDEX('[1]Center of Mass'!$B$8:$M$105,MATCH(A160,'[1]Center of Mass'!$B$8:$B$105,0),10))^2)) -> 746.08313
A161: GROUND FL | B161: W112 | C161: Wall | D161: Wall | E161: RW30 | F161: 0 | R161: 4 | S161: 0.96 | T161: 4.4 | U161: 19.2 | V161: 25 | W161: -2.7 | X161: 0.2336 | Y161: =X161+(S161*((U161-INDEX('[1]Center of Mass'!$B$8:$M$105,MATCH(A161,'[1]Center of Mass'!$B$8:$B$105,0),9))^2+(V161-INDEX('[1]Center of Mass'!$B$8:$M$105,MATCH(A161,'[1]Center of Mass'!$B$8:$B$105,0),10))^2)) -> 186.08878
A162: GROUND FL | B162: W113 | C162: Wall | D162: Wall | E162: RW30 | F162: 0 | R162: 4 | S162: 3.7602 | T162: 8.507 | U162: -1.462 | V162: 26.075 | W162: -1.5 | X162: 3.3124 | Y162: =X162+(S162*((U162-INDEX('[1]Center of Mass'!$B$8:$M$105,MATCH(A162,'[1]Center of Mass'!$B$8:$B$105,0),9))^2+(V162-INDEX('[1]Center of Mass'!$B$8:$M$105,MATCH(A162,'[1]Center of Mass'!$B$8:$B$105,0),10))^2)) -> 2835.432
A163: GROUND FL | B163: W114 | C163: Wall | D163: Wall | E163: RW30 | F163: 0 | R163: 4 | S163: 3.84 | T163: 8 | U163: 19.2 | V163: 26.6 | W163: -1.2 | X163: 2.6624 | Y163: =X163+(S163*((U163-INDEX('[1]Center of Mass'!$B$8:$M$105,MATCH(A163,'[1]Center of Mass'!$B$8:$B$105,0),9))^2+(V163-INDEX('[1]Center of Mass'!$B$8:$M$105,MATCH(A163,'[1]Center of Mass'!$B$8:$B$105,0),10))^2)) -> 924.17312
A164: GROUND FL | B164: W115 | C164: Wall | D164: Wall | E164: RW30 | F164: 0 | R164: 4 | S164: 0.96 | T164: 4.4 | U164: 19.2 | V164: 26.6 | W164: -2.7 | X164: 0.2336 | Y164: =X164+(S164*((U164-INDEX('[1]Center of Mass'!$B$8:$M$105,MATCH(A164,'[1]Center of Mass'!$B$8:$B$105,0),9))^2+(V164-INDEX('[1]Center of Mass'!$B$8:$M$105,MATCH(A164,'[1]Center of Mass'!$B$8:$B$105,0),10))^2)) -> 230.61128
... A203: GROUND FL | B203: W159 | C203: Wall | D203: Wall | E203: RW30 | F203: 0 | R203: 4 | S203: 3.25 | T203: 8.167 | U203: 14.325 | V203: 33.35 | W203: -1.5 | X203: 2.7554 | Y203: =X203+(S203*((U203-INDEX('[1]Center of Mass'!$B$8:$M$105,MATCH(A203,'[1]Center of Mass'!$B$8:$B$105,0),9))^2+(V203-INDEX('[1]Center of Mass'!$B$8:$M$105,MATCH(A203,'[1]Center of Mass'!$B$8:$B$105,0),10))^2)) -> 1757.2447
A204: GROUND FL | B204: W161 | C204: Wall | D204: Wall | E204: W30 | F204: 0 | I204: P1 | R204: 4 | S204: 2.85 | T204: 7.9 | U204: 11.275 | V204: 30.6 | W204: -1.5 | X204: 2.3518 | Y204: =X204+(S204*((U204-INDEX('[1]Center of Mass'!$B$8:$M$105,MATCH(A204,'[1]Center of Mass'!$B$8:$B$105,0),9))^2+(V204-INDEX('[1]Center of Mass'!$B$8:$M$105,MATCH(A204,'[1]Center of Mass'!$B$8:$B$105,0),10))^2)) -> 1371.138
A205: GROUND FL | B205: W162 | C205: Wall | D205: Wall | E205: W30 | F205: 0 | I205: P1 | R205: 4 | S205: 2.85 | T205: 7.9 | U205: 12.225 | V205: 30.6 | W205: -1.5 | X205: 2.3518 | Y205: =X205+(S205*((U205-INDEX('[1]Center of Mass'!$B$8:$M$105,MATCH(A205,'[1]Center of Mass'!$B$8:$B$105,0),9))^2+(V205-INDEX('[1]Center of Mass'!$B$8:$M$105,MATCH(A205,'[1]Center of Mass'!$B$8:$B$105,0),10))^2)) -> 1317.4212
A206: GROUND FL | B206: W163 | C206: Wall | D206: Wall | E206: W40 | F206: 0 | I206: P1 | R206: 4 | S206: 3.75 | T206: 8.5 | U206: 0.625 | V206: 0 | W206: -1.5 | X206: 3.3008 | Y206: =X206+(S206*((U206-INDEX('[1]Center of Mass'!$B$8:$M$105,MATCH(A206,'[1]Center of Mass'!$B$8:$B$105,0),9))^2+(V206-INDEX('[1]Center of Mass'!$B$8:$M$105,MATCH(A206,'[1]Center of Mass'!$B$8:$B$105,0),10))^2)) -> 2143.5768
A207: GROUND FL | B207: W164 | C207: Wall | D207: Wall | E207: W40 | F207: 0 | I207: P1 | R207: 4 | S207: 3.075 | T207: 8.05 | U207: 1.763 | V207: 0 | W207: -1.5 | X207: 2.5755 | Y207: =X207+(S207*((U207-INDEX('[1]Center of Mass'!$B$8:$M$105,MATCH(A207,'[1]Center of Mass'!$B$8:$B$105,0),9))^2+(V207-INDEX('[1]Center of Mass'!$B$8:$M$105,MATCH(A207,'[1]Center of Mass'!$B$8:$B$105,0),10))^2)) -> 1614.2965
A208: GROUND FL | B208: W165 | C208: Wall | D208: Wall | E208: RW30 | F208: 0 | R208: 4 | S208: 3.5956 | T208: 7.92 | U208: 17.8 | V208: 4.205 | W208: -1.725 | X208: 2.5441 | Y208: =X208+(S208*((U208-INDEX('[1]Center of Mass'!$B$8:$M$105,MATCH(A208,'[1]Center of Mass'!$B$8:$B$105,0),9))^2+(V208-INDEX('[1]Center of Mass'!$B$8:$M$105,MATCH(A208,'[1]Center of Mass'!$B$8:$B$105,0),10))^2)) -> 237.75137
A209: GROUND FL | B209: W166 | C209: Wall | D209: Wall | E209: RW30 | F209: 0 | R209: 4 | S209: 0.6345 | T209: 3.72 | U209: 17.8 | V209: 4.205 | W209: -0.225 | X209: 0.11584 | Y209: =X209+(S209*((U209-INDEX('[1]Center of Mass'!$B$8:$M$105,MATCH(A209,'[1]Center of Mass'!$B$8:$B$105,0),9))^2+(V209-INDEX('[1]Center of Mass'!$B$8:$M$105,MATCH(A209,'[1]Center of Mass'!$B$8:$B$105,0),10))^2)) -> 41.62185
A210: GROUND FL | B210: W167 | C210: Wall | D210: Wall | E210: RW30 | F210: 0 | R210: 4 | S210: 3.5956 | T210: 7.92 | U210: 17.8 | V210: 5.615 | W210: -1.725 | X210: 2.5441 | Y210: =X210+(S210*((U210-INDEX('[1]Center of Mass'!$B$8:$M$105,MATCH(A210,'[1]Center of Mass'!$B$8:$B$105,0),9))^2+(V210-INDEX('[1]Center of Mass'!$B$8:$M$105,MATCH(A210,'[1]Center of Mass'!$B$8:$B$105,0),10))^2)) -> 172.8884
A211: GROUND FL | B211: W168 | C211: Wall | D211: Wall | E211: RW30 | F211: 0 | R211: 4 | S211: 0.6345 | T211: 3.72 | U211: 17.8 | V211: 5.615 | W211: -0.225 | X211: 0.11584 | Y211: =X211+(S211*((U211-INDEX('[1]Center of Mass'!$B$8:$M$105,MATCH(A211,'[1]Center of Mass'!$B$8:$B$105,0),9))^2+(V211-INDEX('[1]Center of Mass'!$B$8:$M$105,MATCH(A211,'[1]Center of Mass'!$B$8:$B$105,0),10))^2)) -> 30.175762
A212: GROUND FL | B212: W169 | C212: Wall | D212: Wall | E212: RW30 | F212: 0 | R212: 4 | S212: 3.4425 | T212: 7.8 | U212: 17.8 | V212: 6.995 | W212: -1.725 | X212: 2.3882 | Y212: =X212+(S212*((U212-INDEX('[1]Center of Mass'!$B$8:$M$105,MATCH(A212,'[1]Center of Mass'!$B$8:$B$105,0),9))^2+(V212-INDEX('[1]Center of Mass'!$B$8:$M$105,MATCH(A212,'[1]Center of Mass'!$B$8:$B$105,0),10))^2)) -> 117.95376
A213: GROUND FL | B213: W170 | C213: Wall | D213: Wall | E213: RW30 | F213: 0 | R213: 4 | S213: 0.6075 | T213: 3.6 | U213: 17.8 | V213: 6.995 | W213: -0.225 | X213: 0.10252 | Y213: =X213+(S213*((U213-INDEX('[1]Center of Mass'!$B$8:$M$105,MATCH(A213,'[1]Center of Mass'!$B$8:$B$105,0),9))^2+(V213-INDEX('[1]Center of Mass'!$B$8:$M$105,MATCH(A213,'[1]Center of Mass'!$B$8:$B$105,0),10))^2)) -> 20.496443
A214: GROUND FL | B214: W171 | C214: Wall | D214: Wall | E214: RW30 | F214: 0 | R214: 4 | S214: 1.3513 | T214: 6.16 | U214: 17.8 | V214: 7.935 | W214: -1.725 | X214: 0.76383 | Y214: =X214+(S214*((U214-INDEX('[1]Center of Mass'!$B$8:$M$105,MATCH(A214,'[1]Center of Mass'!$B$8:$B$105,0),9))^2+(V214-INDEX('[1]Center of Mass'!$B$8:$M$105,MATCH(A214,'[1]Center of Mass'!$B$8:$B$105,0),10))^2)) -> 36.366915
A215: GROUND FL | B215: W172 | C215: Wall | D215: Wall | E215: RW30 | F215: 0 | R215: 4 | S215: 0.2385 | T215: 1.96 | U215: 17.8 | V215: 7.935 | W215: -0.225 | X215: 0.0096038 | Y215: =X215+(S215*((U215-INDEX('[1]Center of Mass'!$B$8:$M$105,MATCH(A215,'[1]Center of Mass'!$B$8:$B$105,0),9))^2+(V215-INDEX('[1]Center of Mass'!$B$8:$M$105,MATCH(A215,'[1]Center of Mass'!$B$8:$B$105,0),10))^2)) -> 6.293431
A216: GROUND FL | B216: W173 | C216: Wall | D216: Wall | E216: RW30 | F216: 0 | R216: 4 | S216: 2.975 | T216: 7.433 | U216: 17.8 | V216: 2.917 | W216: -1.725 | X216: 1.9495 | Y216: =X216+(S216*((U216-INDEX('[1]Center of Mass'!$B$8:$M$105,MATCH(A216,'[1]Center of Mass'!$B$8:$B$105,0),9))^2+(V216-INDEX('[1]Center of Mass'!$B$8:$M$105,MATCH(A216,'[1]Center of Mass'!$B$8:$B$105,0),10))^2)) -> 255.92228
A217: GROUND FL | B217: W174 | C217: Wall | D217: Wall | E217: RW30 | F217: 0 | R217: 4 | S217: 0.525 | T217: 3.233 | U217: 17.8 | V217: 2.917 | W217: -0.225 | X217: 0.068408 | Y217: =X217+(S217*((U217-INDEX('[1]Center of Mass'!$B$8:$M$105,MATCH(A217,'[1]Center of Mass'!$B$8:$B$105,0),9))^2+(V217-INDEX('[1]Center of Mass'!$B$8:$M$105,MATCH(A217,'[1]Center of Mass'!$B$8:$B$105,0),10))^2)) -> 44.887133
A218: GROUND FL | B218: W175 | C218: Wall | D218: Wall | E218: RW30 | F218: 0 | R218: 4 | S218: 2.975 | T218: 7.433 | U218: 17.8 | V218: 1.75 | W218: -1.725 | X218: 1.9495 | Y218: =X218+(S218*((U218-INDEX('[1]Center of Mass'!$B$8:$M$105,MATCH(A218,'[1]Center of Mass'!$B$8:$B$105,0),9))^2+(V218-INDEX('[1]Center of Mass'!$B$8:$M$105,MATCH(A218,'[1]Center of Mass'!$B$8:$B$105,0),10))^2)) -> 318.23112
A219: GROUND FL | B219: W176 | C219: Wall | D219: Wall | E219: RW30 | F219: 0 | R219: 4 | S219: 0.525 | T219: 3.233 | U219: 17.8 | V219: 1.75 | W219: -0.225 | X219: 0.068408 | Y219: =X219+(S219*((U219-INDEX('[1]Center of Mass'!$B$8:$M$105,MATCH(A219,'[1]Center of Mass'!$B$8:$B$105,0),9))^2+(V219-INDEX('[1]Center of Mass'!$B$8:$M$105,MATCH(A219,'[1]Center of Mass'!$B$8:$B$105,0),10))^2)) -> 55.882811
... A277: BASE 1 FL | B277: W67 | C277: Wall | D277: Wall | E277: RW30 | F277: 0 | R277: 4 | S277: 3.6098 | T277: 8.407 | U277: -0.724 | V277: 16.1 | W277: -4.5 | X277: 3.1429 | Y277: =X277+(S277*((U277-INDEX('[1]Center of Mass'!$B$8:$M$105,MATCH(A277,'[1]Center of Mass'!$B$8:$B$105,0),9))^2+(V277-INDEX('[1]Center of Mass'!$B$8:$M$105,MATCH(A277,'[1]Center of Mass'!$B$8:$B$105,0),10))^2)) -> 1932.3695
A278: BASE 1 FL | B278: W72 | C278: Wall | D278: Wall | E278: W20 | F278: 0 | I278: P1 | R278: 4 | S278: 1.035 | T278: 4.65 | U278: 10.8 | V278: 16.7 | W278: -5.138 | X278: 0.2877 | Y278: =X278+(S278*((U278-INDEX('[1]Center of Mass'!$B$8:$M$105,MATCH(A278,'[1]Center of Mass'!$B$8:$B$105,0),9))^2+(V278-INDEX('[1]Center of Mass'!$B$8:$M$105,MATCH(A278,'[1]Center of Mass'!$B$8:$B$105,0),10))^2)) -> 157.41389
A279: BASE 1 FL | B279: W73 | C279: Wall | D279: Wall | E279: W20 | F279: 0 | I279: P1 | R279: 4 | S279: 0.765 | T279: 3.75 | U279: 10.8 | V279: 16.7 | W279: -3.638 | X279: 0.12658 | Y279: =X279+(S279*((U279-INDEX('[1]Center of Mass'!$B$8:$M$105,MATCH(A279,'[1]Center of Mass'!$B$8:$B$105,0),9))^2+(V279-INDEX('[1]Center of Mass'!$B$8:$M$105,MATCH(A279,'[1]Center of Mass'!$B$8:$B$105,0),10))^2)) -> 116.26333
A280: BASE 1 FL | B280: W76 | C280: Wall | D280: Wall | E280: W20 | F280: 0 | I280: P1 | R280: 4 | S280: 2.76 | T280: 6.65 | U280: 11.9 | V280: 16.7 | W280: -5.138 | X280: 1.2732 | Y280: =X280+(S280*((U280-INDEX('[1]Center of Mass'!$B$8:$M$105,MATCH(A280,'[1]Center of Mass'!$B$8:$B$105,0),9))^2+(V280-INDEX('[1]Center of Mass'!$B$8:$M$105,MATCH(A280,'[1]Center of Mass'!$B$8:$B$105,0),10))^2)) -> 356.20462
A281: BASE 1 FL | B281: W77 | C281: Wall | D281: Wall | E281: W20 | F281: 0 | I281: P1 | R281: 4 | S281: 2.04 | T281: 5.75 | U281: 11.9 | V281: 16.7 | W281: -3.638 | X281: 0.71156 | Y281: =X281+(S281*((U281-INDEX('[1]Center of Mass'!$B$8:$M$105,MATCH(A281,'[1]Center of Mass'!$B$8:$B$105,0),9))^2+(V281-INDEX('[1]Center of Mass'!$B$8:$M$105,MATCH(A281,'[1]Center of Mass'!$B$8:$B$105,0),10))^2)) -> 263.05217
A282: BASE 1 FL | B282: W78 | C282: Wall | D282: Wall | E282: RW30 | F282: 0 | R282: 4 | S282: 1.6113 | T282: 5.109 | U282: 18.4 | V282: 16.033 | W282: -3.587 | X282: 0.44047 | Y282: =X282+(S282*((U282-INDEX('[1]Center of Mass'!$B$8:$M$105,MATCH(A282,'[1]Center of Mass'!$B$8:$B$105,0),9))^2+(V282-INDEX('[1]Center of Mass'!$B$8:$M$105,MATCH(A282,'[1]Center of Mass'!$B$8:$B$105,0),10))^2)) -> 55.447566
A283: BASE 1 FL | B283: W79 | C283: Wall | D283: Wall | E283: RW30 | F283: 0 | R283: 4 | S283: 3.7603 | T283: 8.507 | U283: -0.814 | V283: 17.325 | W283: -4.5 | X283: 3.3125 | Y283: =X283+(S283*((U283-INDEX('[1]Center of Mass'!$B$8:$M$105,MATCH(A283,'[1]Center of Mass'!$B$8:$B$105,0),9))^2+(V283-INDEX('[1]Center of Mass'!$B$8:$M$105,MATCH(A283,'[1]Center of Mass'!$B$8:$B$105,0),10))^2)) -> 2077.6655
A284: BASE 1 FL | B284: W82 | C284: Wall | D284: Wall | E284: RW30 | F284: 0 | R284: 4 | S284: 4.0358 | T284: 8.351 | U284: 18.784 | V284: 17.899 | W284: -5.227 | X284: 3.1243 | Y284: =X284+(S284*((U284-INDEX('[1]Center of Mass'!$B$8:$M$105,MATCH(A284,'[1]Center of Mass'!$B$8:$B$105,0),9))^2+(V284-INDEX('[1]Center of Mass'!$B$8:$M$105,MATCH(A284,'[1]Center of Mass'!$B$8:$B$105,0),10))^2)) -> 215.13607
A285: BASE 1 FL | B285: W83 | C285: Wall | D285: Wall | E285: RW30 | F285: 0 | R285: 4 | S285: 3.7603 | T285: 8.507 | U285: -0.907 | V285: 18.575 | W285: -4.5 | X285: 3.3125 | Y285: =X285+(S285*((U285-INDEX('[1]Center of Mass'!$B$8:$M$105,MATCH(A285,'[1]Center of Mass'!$B$8:$B$105,0),9))^2+(V285-INDEX('[1]Center of Mass'!$B$8:$M$105,MATCH(A285,'[1]Center of Mass'!$B$8:$B$105,0),10))^2)) -> 2155.5745
A286: BASE 1 FL | B286: W90 | C286: Wall | D286: Wall | E286: RW30 | F286: 0 | R286: 4 | S286: 3.8389 | T286: 8.201 | U286: 18.817 | V286: 18.003 | W286: -3.735 | X286: 2.8988 | Y286: =X286+(S286*((U286-INDEX('[1]Center of Mass'!$B$8:$M$105,MATCH(A286,'[1]Center of Mass'!$B$8:$B$105,0),9))^2+(V286-INDEX('[1]Center of Mass'!$B$8:$M$105,MATCH(A286,'[1]Center of Mass'!$B$8:$B$105,0),10))^2)) -> 209.04709
A287: BASE 1 FL | B287: W91 | C287: Wall | D287: Wall | E287: RW30 | F287: 0 | R287: 4 | S287: 2.8077 | T287: 7.872 | U287: -0.988 | V287: 19.667 | W287: -4.5 | X287: 2.3107 | Y287: =X287+(S287*((U287-INDEX('[1]Center of Mass'!$B$8:$M$105,MATCH(A287,'[1]Center of Mass'!$B$8:$B$105,0),9))^2+(V287-INDEX('[1]Center of Mass'!$B$8:$M$105,MATCH(A287,'[1]Center of Mass'!$B$8:$B$105,0),10))^2)) -> 1667.3465
A288: BASE 1 FL | B288: W92 | C288: Wall | D288: Wall | E288: RW30 | F288: 0 | R288: 4 | S288: 1.5703 | T288: 5.026 | U288: 19.2 | V288: 19.809 | W288: -5.371 | X288: 0.4129 | Y288: =X288+(S288*((U288-INDEX('[1]Center of Mass'!$B$8:$M$105,MATCH(A288,'[1]Center of Mass'!$B$8:$B$105,0),9))^2+(V288-INDEX('[1]Center of Mass'!$B$8:$M$105,MATCH(A288,'[1]Center of Mass'!$B$8:$B$105,0),10))^2)) -> 124.08033
A289: BASE 1 FL | B289: W93 | C289: Wall | D289: Wall | E289: RW30 | F289: 0 | R289: 4 | S289: 2.1797 | T289: 6.001 | U289: 19.2 | V289: 19.836 | W289: -3.873 | X289: 0.83904 | Y289: =X289+(S289*((U289-INDEX('[1]Center of Mass'!$B$8:$M$105,MATCH(A289,'[1]Center of Mass'!$B$8:$B$105,0),9))^2+(V289-INDEX('[1]Center of Mass'!$B$8:$M$105,MATCH(A289,'[1]Center of Mass'!$B$8:$B$105,0),10))^2)) -> 173.4957
A290: BASE 1 FL | B290: W94 | C290: Wall | D290: Wall | E290: RW30 | F290: 0 | R290: 4 | S290: 2.8077 | T290: 7.872 | U290: -1.057 | V290: 20.6 | W290: -4.5 | X290: 2.3107 | Y290: =X290+(S290*((U290-INDEX('[1]Center of Mass'!$B$8:$M$105,MATCH(A290,'[1]Center of Mass'!$B$8:$B$105,0),9))^2+(V290-INDEX('[1]Center of Mass'!$B$8:$M$105,MATCH(A290,'[1]Center of Mass'!$B$8:$B$105,0),10))^2)) -> 1722.2157
A291: BASE 1 FL | B291: W97 | C291: Wall | D291: Wall | E291: RW30 | F291: 0 | R291: 4 | S291: 1.3359 | T291: 4.651 | U291: 19.2 | V291: 21.057 | W291: -5.464 | X291: 0.30262 | Y291: =X291+(S291*((U291-INDEX('[1]Center of Mass'!$B$8:$M$105,MATCH(A291,'[1]Center of Mass'!$B$8:$B$105,0),9))^2+(V291-INDEX('[1]Center of Mass'!$B$8:$M$105,MATCH(A291,'[1]Center of Mass'!$B$8:$B$105,0),10))^2)) -> 135.77651
A292: BASE 1 FL | B292: W98 | C292: Wall | D292: Wall | E292: RW30 | F292: 0 | R292: 4 | S292: 2.8077 | T292: 7.872 | U292: -1.126 | V292: 21.533 | W292: -4.5 | X292: 2.3107 | Y292: =X292+(S292*((U292-INDEX('[1]Center of Mass'!$B$8:$M$105,MATCH(A292,'[1]Center of Mass'!$B$8:$B$105,0),9))^2+(V292-INDEX('[1]Center of Mass'!$B$8:$M$105,MATCH(A292,'[1]Center of Mass'!$B$8:$B$105,0),10))^2)) -> 1781.9997
A293: BASE 1 FL | B293: W99 | C293: Wall | D293: Wall | E293: RW30 | F293: 0 | R293: 4 | S293: 2.4141 | T293: 6.376 | U293: 19.2 | V293: 21.085 | W293: -3.966 | X293: 1.0679 | Y293: =X293+(S293*((U293-INDEX('[1]Center of Mass'!$B$8:$M$105,MATCH(A293,'[1]Center of Mass'!$B$8:$B$105,0),9))^2+(V293-INDEX('[1]Center of Mass'!$B$8:$M$105,MATCH(A293,'[1]Center of Mass'!$B$8:$B$105,0),10))^2)) -> 247.19564
A294: BASE 1 FL | B294: W101 | C294: Wall | D294: Wall | E294: W20 | F294: 0 | I294: P1 | R294: 4 | S294: 3.75 | T294: 8.5 | U294: 11.125 | V294: 22 | W294: -4.5 | X294: 3.3008 | Y294: =X294+(S294*((U294-INDEX('[1]Center of Mass'!$B$8:$M$105,MATCH(A294,'[1]Center of Mass'!$B$8:$B$105,0),9))^2+(V294-INDEX('[1]Center of Mass'!$B$8:$M$105,MATCH(A294,'[1]Center of Mass'!$B$8:$B$105,0),10))^2)) -> 863.69504
A295: BASE 1 FL | B295: W103 | C295: Wall | D295: Wall | E295: W20 | F295: 0 | I295: P1 | R295: 4 | S295: 2.85 | T295: 7.9 | U295: 12.225 | V295: 22 | W295: -4.5 | X295: 2.3518 | Y295: =X295+(S295*((U295-INDEX('[1]Center of Mass'!$B$8:$M$105,MATCH(A295,'[1]Center of Mass'!$B$8:$B$105,0),9))^2+(V295-INDEX('[1]Center of Mass'!$B$8:$M$105,MATCH(A295,'[1]Center of Mass'!$B$8:$B$105,0),10))^2)) -> 592.12814
A296: BASE 1 FL | B296: W104 | C296: Wall | D296: Wall | E296: RW30 | F296: 0 | R296: 4 | S296: 1.1016 | T296: 4.276 | U296: 19.2 | V296: 22.303 | W296: -5.558 | X296: 0.21579 | Y296: =X296+(S296*((U296-INDEX('[1]Center of Mass'!$B$8:$M$105,MATCH(A296,'[1]Center of Mass'!$B$8:$B$105,0),9))^2+(V296-INDEX('[1]Center of Mass'!$B$8:$M$105,MATCH(A296,'[1]Center of Mass'!$B$8:$B$105,0),10))^2)) -> 140.27058
A297: BASE 1 FL | B297: W105 | C297: Wall | D297: Wall | E297: RW30 | F297: 0 | R297: 4 | S297: 3.309 | T297: 8.206 | U297: -1.201 | V297: 22.55 | W297: -4.5 | X297: 2.8173 | Y297: =X297+(S297*((U297-INDEX('[1]Center of Mass'!$B$8:$M$105,MATCH(A297,'[1]Center of Mass'!$B$8:$B$105,0),9))^2+(V297-INDEX('[1]Center of Mass'!$B$8:$M$105,MATCH(A297,'[1]Center of Mass'!$B$8:$B$105,0),10))^2)) -> 2183.6278
A298: BASE 1 FL | B298: W106 | C298: Wall | D298: Wall | E298: RW30 | F298: 0 | R298: 4 | S298: 2.6484 | T298: 6.751 | U298: 19.2 | V298: 22.334 | W298: -4.06 | X298: 1.3393 | Y298: =X298+(S298*((U298-INDEX('[1]Center of Mass'!$B$8:$M$105,MATCH(A298,'[1]Center of Mass'!$B$8:$B$105,0),9))^2+(V298-INDEX('[1]Center of Mass'!$B$8:$M$105,MATCH(A298,'[1]Center of Mass'!$B$8:$B$105,0),10))^2)) -> 339.85061
A299: BASE 1 FL | B299: W107 | C299: Wall | D299: Wall | E299: RW30 | F299: 0 | R299: 4 | S299: 0.8672 | T299: 3.901 | U299: 19.2 | V299: 23.547 | W299: -5.651 | X299: 0.14827 | Y299: =X299+(S299*((U299-INDEX('[1]Center of Mass'!$B$8:$M$105,MATCH(A299,'[1]Center of Mass'!$B$8:$B$105,0),9))^2+(V299-INDEX('[1]Center of Mass'!$B$8:$M$105,MATCH(A299,'[1]Center of Mass'!$B$8:$B$105,0),10))^2)) -> 135.36321
A300: BASE 1 FL | B300: W108 | C300: Wall | D300: Wall | E300: RW30 | F300: 0 | R300: 4 | S300: 3.309 | T300: 8.206 | U300: -1.282 | V300: 23.65 | W300: -4.5 | X300: 2.8173 | Y300: =X300+(S300*((U300-INDEX('[1]Center of Mass'!$B$8:$M$105,MATCH(A300,'[1]Center of Mass'!$B$8:$B$105,0),9))^2+(V300-INDEX('[1]Center of Mass'!$B$8:$M$105,MATCH(A300,'[1]Center of Mass'!$B$8:$B$105,0),10))^2)) -> 2281.528
A301: BASE 1 FL | B301: W109 | C301: Wall | D301: Wall | E301: RW30 | F301: 0 | R301: 4 | S301: 2.8828 | T301: 7.126 | U301: 19.2 | V301: 23.583 | W301: -4.154 | X301: 1.6571 | Y301: =X301+(S301*((U301-INDEX('[1]Center of Mass'!$B$8:$M$105,MATCH(A301,'[1]Center of Mass'!$B$8:$B$105,0),9))^2+(V301-INDEX('[1]Center of Mass'!$B$8:$M$105,MATCH(A301,'[1]Center of Mass'!$B$8:$B$105,0),10))^2)) -> 453.6811
A302: BASE 1 FL | B302: W110 | C302: Wall | D302: Wall | E302: RW30 | F302: 0 | R302: 4 | S302: 3.7602 | T302: 8.507 | U302: -1.369 | V302: 24.825 | W302: -4.5 | X302: 3.3124 | Y302: =X302+(S302*((U302-INDEX('[1]Center of Mass'!$B$8:$M$105,MATCH(A302,'[1]Center of Mass'!$B$8:$B$105,0),9))^2+(V302-INDEX('[1]Center of Mass'!$B$8:$M$105,MATCH(A302,'[1]Center of Mass'!$B$8:$B$105,0),10))^2)) -> 2721.7618
...

Sheet 4.2 Modal Load Participation
B1: 4.2. Fundamental Period and Modal mass participation
I3: Project : | K3: ='STOREY SHEARS'!C1 -> BAHRU SARBET MODEL 1-3 q=1
I4: Client : | K4: ='STOREY SHEARS'!C2 -> ATO BAHRU
I5: Designed by : | K5: ='STOREY SHEARS'!C4 -> Sofonias Bezabeh
B7: The First mode of vibration or fundamental period of a building will be = | I7: =MAX(F9:F10) -> 2.807803 | J7: sec
E9: T1x= | F9: =+INDEX(B15:O44,MATCH(J9,D15:D44,0),2) -> 2.568473 | G9: with a participated % mass of = | J9: =+MAX(D15:D44) -> 49.8674 | K9: %
E10: T1y= | F10: =+INDEX(B15:O44,MATCH(J10,E15:E44,0),2) -> 2.807803 | G10: with a participated % mass of = | J10: =+MAX(E15:E44) -> 55.8171 | K10: %
B12: Modal Load Participation
B14: Mode | C14: Period | D14: UX | E14: UY | F14: UZ | G14: SumUX | H14: SumUY | I14: SumUZ | J14: RX | K14: RY | L14: RZ | M14: SumRX | N14: SumRY | O14: SumRZ
B15: 1 | C15: 2.807803 | D15: 0.5449 | E15: 55.8171 | F15: 0 | G15: 0.5449 | H15: 55.8171 | I15: 0 | J15: 89.5792 | K15: 0.7501 | L15: 3.2477 | M15: 89.5792 | N15: 0.7501 | O15: 3.2477
B16: 2 | C16: 2.568473 | D16: 49.8674 | E16: 2.0086 | F16: 0 | G16: 50.4124 | H16: 57.8257 | I16: 0 | J16: 3.1766 | K16: 68.4918 | L16: 6.4834 | M16: 92.7558 | N16: 69.2419 | O16: 9.7312
B17: 3 | C17: 2.327159 | D17: 8.1845 | E17: 2.4267 | F17: 0 | G17: 58.5968 | H17: 60.2524 | I17: 0 | J17: 3.845 | K17: 10.9942 | L17: 46.6802 | M17: 96.6008 | N17: 80.236 | O17: 56.4113
B18: 4 | C18: 0.921909 | D18: 0.0183 | E18: 8.7915 | F18: 0 | G18: 58.6151 | H18: 69.0438 | I18: 0 | J18: 0.4744 | K18: 0.0028 | L18: 0.2999 | M18: 97.0751 | N18: 80.2388 | O18: 56.7112
B19: 5 | C19: 0.786264 | D19: 8.7658 | E19: 0.1039 | F19: 0 | G19: 67.3809 | H19: 69.1477 | I19: 0 | J19: 0.0065 | K19: 3.2884 | L19: 1.63 | M19: 97.0817 | N19: 83.5272 | O19: 58.3411
B20: 6 | C20: 0.72517 | D20: 1.7785 | E20: 0.1172 | F20: 0 | G20: 69.1594 | H20: 69.2649 | I20: 0 | J20: 0.0024 | K20: 0.8657 | L20: 8.1384 | M20: 97.0841 | N20: 84.3929 | O20: 66.4795
B21: 7 | C21: 0.522001 | D21: 0.0035 | E21: 3.4752 | F21: 0 | G21: 69.1629 | H21: 72.7401 | I21: 0 | J21: 0.9295 | K21: 0.0001 | L21: 0.0694 | M21: 98.0136 | N21: 84.393 | O21: 66.549
B22: 8 | C22: 0.401889 | D22: 5.061 | E22: 0.0086 | F22: 0 | G22: 74.2239 | H22: 72.7487 | I22: 0 | J22: 0.001 | K22: 0.5654 | L22: 0.0897 | M22: 98.0146 | N22: 84.9584 | O22: 66.6387
B23: 9 | C23: 0.379827 | D23: 0.0328 | E23: 0.0169 | F23: 0 | G23: 74.2567 | H23: 72.7655 | I23: 0 | J23: 0.0067 | K23: 0.0056 | L23: 4.8036 | M23: 98.0214 | N23: 84.964 | O23: 71.4423
B24: 10 | C24: 0.357443 | D24: 0.0052 | E24: 2.1658 | F24: 0 | G24: 74.2619 | H24: 74.9314 | I24: 0 | J24: 0.1784 | K24: 0.0003 | L24: 0.0313 | M24: 98.1998 | N24: 84.9643 | O24: 71.4736
B25: 11 | C25: 0.267528 | D25: 0.0127 | E25: 1.498 | F25: 0 | G25: 74.2746 | H25: 76.4293 | I25: 0 | J25: 0.2417 | K25: 0.0064 | L25: 0.0627 | M25: 98.4415 | N25: 84.9707 | O25: 71.5363
B26: 12 | C26: 0.252397 | D26: 4.0177 | E26: 0.0036 | F26: 0 | G26: 78.2923 | H26: 76.4329 | I26: 0 | J26: 0.0007 | K26: 1.5169 | L26: 0.2923 | M26: 98.4422 | N26: 86.4876 | O26: 71.8286
... B64: 50 | C64: 0.02853 | D64: 0.0031 | E64: 0.0185 | F64: 0 | G64: 99.8913 | H64: 99.9002 | I64: 0 | J64: 0.0151 | K64: 0.022 | L64: 0.0008 | M64: 99.9403 | N64: 99.7042 | O64: 99.9645

Sheet 2.4. Load and Load Factor
A1: 2.4 | B1: Loading | E1: Project : | G1: =+DISPLACEMENT!C1 -> BAHRU SARBET MODEL 1-3 q=1
E2: Client : | G2: =+DISPLACEMENT!C2 -> ATO BAHRU
E3: Designed by : | G3: =+DISPLACEMENT!C4 -> Sofonias Bezabeh
B4: 2.4.1. Applied Loads
B5: The types of loads acting on structures for buildings and other structures can be broadly classified as vertical loads, horizontal loads and longitudinal loads. The vertical loads consist of dead load, live load and impact load. The horizontal loads comprise of wind load and earthquake load. The longitudinal loads i.e. tractive and braking forces are considered in special case of design of bridges, gantry girders etc.
B6: Vertical Loads | M6: Category A | O6: 2
B7: Permanent (Dead) Load – Dead load is primarily due to self-weight of structural members, permanent partition walls, fixed permanent equipment’s and weight of different materials.
B8: · | C8: Self-weight- self weight of every members of the structures calculated by ETABS ultimate 2017 based on a provided data. For reinforced concrete structure 25kN/m3 nominal density is applied based on ES EN 1991-1-1:2001 Annex A. | M8: Category B | O8: 2
B9: · | C9: Imposed Dead loads All imposed Dead loads are accounted based on Architectural drawing | M9: Category C1 | O9: 3
M10: Category C2 | O10: 4
B11: Live (occupational) load | M11: Category C3 | O11: 5
B12: Live loads are either movable or moving loads without any acceleration or impact. These loads are assumed to be produced by the intended use or occupancy of the building. The different live load categories are used in the model as per the architectural plan the requirement of the ES EN 1991-1-1:2015. | M12: Category C4 | O12: 5
M13: Category C5 | O13: 7.5
C14: Live load Correction Factor : The inertial effects of the design seismic action shall be evaluated by taking into account thepresence of the masses associated with all gravity loads appearing in the following combination of | M14: Category D1 | O14: 4
M15: Category D2 | O15: 5
D16: yE,i is the combination coefficient for variable action i | M16: Category E1 | O16: 7.5
C17: The combination coefficients ψEi introduced in Design Seismic Forces computed as follow
M18: Category E2 | O18: 7.5
D19: According to EBCS EN 1998-1-1:2015 section 4.2.4 | M19: Catergory G | O19: 5
C21: Basement Floors and Car Parkings, Category F
D22: Self-Weight | E22: Included by Analysis Software (ETABS 9.74 & ETABS Ultimate 2017)
C23: Dead load | E23: Thickness | G23: Distributed load
D24: Plastering load | E24: 15 | F24: mm | G24: =22*E24/1000 -> 0.33 | H24: kN/m2
D25: Cement Screed Load | E25: 30 | F25: mm | G25: =E25*25/1000 -> 0.75 | H25: kN/m2
D26: Partition wall load including Plastering | E26: 15 | F26: mm | G26: 0.61 | H26: kN/m2
D27: Floor Finish | E27: 30 | F27: mm | G27: =27*E27/1000 -> 0.81 | H27: kN/m2
D28: Total Dead Load (kN/m2) | G28: =G24+G25+G26+G27 -> 2.5 | H28: kN/m2
C30: Live Load | D30: Live Load Category | E30: Category D1
D31: Cobination coefficient for variable Action (yEi) | E31: y | F31: 1 | G31: =+F31*F32 -> 0.6
E32: y2i | F32: 0.6
D33: Live Load (kN/m2) | E33: 5
D34: Applied Factored Live load (kN/m2) | E34: =E33*G31 -> 3
C36: Ground floor, Shopping Floor, Category D
D37: Self-Weight | E37: Included by Analysis Software (ETABS 9.74 & ETABS Ultimate 2017)
C38: Dead load | E38: Thickness | G38: Distributed load
D39: Plastering load | E39: 20 | F39: mm | G39: =22*E39/1000 -> 0.44 | H39: kN/m2
D40: Cement Screed Load | E40: 30 | F40: mm | G40: =E40*25/1000 -> 0.75 | H40: kN/m2
D41: Partition wall load including Plastering | E41: 15 | F41: mm | G41: 1.5 | H41: kN/m2
D42: Floor Finish | E42: 30 | F42: mm | G42: =27*E42/1000 -> 0.81 | H42: kN/m2
D43: Total Dead Load (kN/m2) | G43: =G39+G40+G41+G42 -> 3.5 | H43: kN/m2
C45: Live Load | D45: Live Load Category | E45: Category D1
D46: Cobination coefficient for variable Action (yEi) | E46: y | F46: 1 | G46: =F46*F47 -> 0.6
E47: y2i | F47: 0.6
D48: Live Load (kN/m2) | E48: =INDEX($M$6:$O$19,MATCH(E45,$M$6:$M$19,0),3) -> 4
D49: Applied Factored Live load (kN/m2) | E49: =E48*G46 -> 2.4
C51: 1st up to 14th and Terrace Floor, Apartment Floor, Category A
D52: Self-Weight | E52: Included by Analysis Software (ETABS 9.74 & ETABS Ultimate 2017)
C53: Dead load | E53: Thickness | G53: Distributed load
D54: Plastering load | E54: 20 | F54: mm | G54: =22*E54/1000 -> 0.44 | H54: kN/m2
D55: Cement Screed Load | E55: 30 | F55: mm | G55: =E55*25/1000 -> 0.75 | H55: kN/m2
D56: Partition wall load including Plastering | E56: 15 | F56: mm | G56: 2.8 | H56: kN/m2
D57: Floor Finish | E57: 30 | F57: mm | G57: =27*E57/1000 -> 0.81 | H57: kN/m2
D58: Total Dead Load (kN/m2) | G58: =G54+G55+G56+G57 -> 4.8 | H58: kN/m2
C60: Live Load | D60: Live Load Category | E60: Category A
D61: Cobination coefficient for variable Action (yEi) | E61: y | F61: 0.5 | G61: =F61*F62 -> 0.15
E62: y2i | F62: 0.3
D63: Live Load (kN/m2) | E63: =INDEX($M$6:$O$19,MATCH(E60,$M$6:$M$19,0),3) -> 2
D64: Applied Factored Live load (kN/m2) | E64: =E63*G61 -> 0.3
C66: Utility and Water Tanker Floor, Category D
D67: Self-Weight | E67: Included by Analysis Software (ETABS 9.74 & ETABS Ultimate 2017
C68: Dead load | E68: Thickness | G68: Distributed load
D69: Plastering load | E69: 21 | F69: mm | G69: =21*E69/1000 -> 0.441 | H69: kN/m2
D70: Cement Screed Load | E70: 30 | F70: mm | G70: =E70*25/1000 -> 0.75 | H70: kN/m2
D71: Partition wall load including Plastering | E71: 15 | F71: mm | G71: 1 | H71: kN/m2
D72: Floor Finish | E72: 30 | F72: mm | G72: =27*E72/1000 -> 0.81 | H72: kN/m2
D73: Total Dead Load (kN/m2) | G73: =G69+G70+G71+G72 -> 3.001 | H73: kN/m2
C75: Live Load | D75: Live Load Category | E75: Category D1
D76: Cobination coefficient for variable Action (yEi) | E76: y | F76: 1 | G76: =F76*F77 -> 0.8
E77: y2i | F77: 0.8
D78: Live Load (kN/m2) | E78: 5
D79: Applied Factored Live load (kN/m2) | E79: =E78*G76 -> 4

Sheet 2.5.Concrete Cover
B2: 2.5 Concrete cover evaluation | G2: Project : | I2: =+DISPLACEMENT!C1 -> BAHRU SARBET MODEL 1-3 q=1
G3: Client : | I3: =+DISPLACEMENT!C2 -> ATO BAHRU
G4: Designed by : | I4: =+DISPLACEMENT!C4 -> Sofonias Bezabeh
C6: The required protection of the structure shall be established by considering its intended use, desing working life, maintenance programme and actions. one of the main way of creating protection for structure is through concrete cover. Concrete cover is the distance between the surface of the reinforcement closest to the nearest concrete surface including links and stirrps and surface reinforcement where relevant and the nearest concrete Surface. The nominal cover shall be specified on the drawings it is defined as a minimum cover , Cmin plus an allowance in design for deviation Cdev according to section 4.4.1 of ES EN 1992-1-1:2015
D8: Cnom=C min + ΔCdev
D9: Cnom = | E9: Nominal Concrete Cover
D10: Cmin = | E10: Minimum Concrete Cover
D11: ΔCdev = | E11: Cover for Allowance of deviation
B13: > | C13: Minimum Cover (Cmin)
C14: Minimum concrete cover, Cmin shall be provided in order to ensure: | T14: Separated
D15: » | E15: Safe Transmission of bond forces (Cmin,b) | T15: Bundled
D16: » | E16: the protection of the steel against corrosion
D17: » | E17: adequate fire resistance | T17: Less than 32mm
T18: Greater than 32mm
D25: cmin,b minimum cover due to bond requirement, see 4.4.1.2 (3) ES EN 2015
D26: cmin,dur minimum cover due to environmental conditions, see 4.4.1.2 (5)
D27: ∆cdur,γ additive safety element, see 4.4.1.2 (6) ES EN 2015
D28: ∆cdur,st reduction of minimum cover for use of stainless steel
D29: ∆cdur,add reduction of minimum cover for use of additional protection
C32: Minimum Cover due to Bond requirment
C33: In order to Transmit bond forces safely and to ensure adequate compactionof the concrete, the minimum cover should not be less than Cmin,b. it depends on Rebar arregment and aggregate size
C34: Rebar Arregment | E34: Separated
C35: Aggregate Size | E35: Less than 32mm
D37: Type | E37: Cmin,b
C38: √ | D38: Slab | E38: =IF(AND($E$34="Separated ",$E$35="Less than 32mm"),"12",IF(AND($E$34="Separated ",$E$35="Greater than 32mm"),"17","Check sec 8.9.1 of ES EN 2015")) -> 12 | F38: mm | M38: =E38 -> 12
C39: √ | D39: Beam | E39: =IF(AND($E$34="Separated ",$E$35="Less than 32mm"),"20",IF(AND($E$34="Separated ",$E$35="Greater than 32mm"),"25","Check sec 8.9.1 of ES EN 2015")) -> 20 | F39: mm | M39: =E39 -> 20
C40: √ | D40: Column | E40: =IF(AND($E$34="Separated ",$E$35="Less than 32mm"),"20",IF(AND($E$34="Separated ",$E$35="Greater than 32mm"),"25","Check sec 8.9.1 of ES EN 2015")) -> 20 | F40: mm | M40: =E40 -> 20
C41: √ | D41: Footing | E41: =IF(AND($E$34="Separated ",$E$35="Less than 32mm"),"20",IF(AND($E$34="Separated ",$E$35="Greater than 32mm"),"25","Check sec 8.9.1 of ES EN 2015")) -> 20 | F41: mm | M41: =E41 -> 20
C43: Minimum Cover due to Enviromental Condition (C min,dur)
C44: The minimum cover values for reinforcemetn and prestressing tendns in normal weight concrete taking account of the exposure classed and the structural classed is given by C min,dur it is depends on Exposure class of Concrete and Structural Classes
C46: Exposure class for Corrusion indused by Carbonation
C55: For Super-structure XC1 is advicable
C56: For Sub-structure use class XC2
C73: For this building the structural Class will be S5
D83: Therefore for XC1 and S5 Cover will be | G83: 20 | H83: mm
D84: Therefore for XC2 and S5 Cover will be | G84: 30 | H84: mm
C86: » | D86: Adviced value of ∆cdur,γ additive safety element is 0mm
C87: » | D87: The Recommended value for ∆cdur,st reduction of minimum cover for use of
D88: stainless steel is 0mm
C89: » | D89: ∆cdur,add reduction of minimum cover for use of additional protection is also 0mm
E91: Type | F91: Cmin
E92: Slab | F92: =MAX(M38,$G$83,10) -> 20 | G92: mm
E93: Beam | F93: =MAX(M39,$G$83,10) -> 20 | G93: mm
E94: Column | F94: 30 | G94: mm
E95: Foundation | F95: 40 | G95: mm
C97: Cover for allowance of deviation (Δcdev)
C98: To calculate the nominal cover an addition to the minimum cover shall be made in design to allow for the deviation. The required minimum cover shall increased by the absolute value of the accepted negative deviation the recommended minimum value is 10mm accoriding to ES EN 1192-1-4:2015 section 4.4.1.3
D101: For Sub-Structure
D102: Concrete Cover will be
E103: Slab | F103: 25 | G103: mm
E104: Beam | F104: 30 | G104: mm
E105: Column | F105: 40 | G105: mm
E106: Mat Foundation | F106: 50 | G106: mm
D108: For Super-Structure
D109: Concrete Cover will be
E110: Slab | F110: 25 | G110: mm
E111: Beam | F111: 30 | G111: mm
E112: Column | F112: 30 | G112: mm

Sheet 3.2 Structual Regularity
A2: 3.2 | B2: Structural Regularity | G2: Project : | H2: ='4.3 Geometric Imperfetion'!I1 -> BAHRU SARBET MODEL 1-3 q=1
G3: Client : | H3: ='4.3 Geometric Imperfetion'!I2 -> ATO BAHRU
A4: 3.2.1. Regularity in plan | G4: Designed by : | H4: ='4.3 Geometric Imperfetion'!I3 -> Sofonias Bezabeh
B5: For the building to be categorized as being regular in plan, it shall satisfy all the conditions listed below
A7: 1 | B7: With respect to the lateral stiffness and mass distribution, the building structure shall be approximately symmetrical in plan with respect to the two orthogonal Direction.
B8: The building satisfied condition 1 requirment due to a lack of any L, C, H, I, and X shape. It almost symetrical both ortogonal direction
A10: 2 | B10: The in-plan stiffness of the floors shall be sufficiently large in comparison with the lateral stiffness of the vertical structural elements, so that the deformation of the floor shall have a small effect on the distribution of the forces among the vertical structural elements.
B11: →The horizonal displacement of the floor due to seismic action do not exceed anywhere by more than 10% of the corresponding absolute horizontal displacement that would result form a rigid diaphram assumption.
B12: →Slab thickness is greater than 70mm.
B13: →The minimum reinforcement requirmnet of eurocode 2 is applied for both ortogonal direction.
B14: Therefore the structure satisfies condition 2 Plan regularity Criterion
A15: 3 | B15: The slenderness (l) = Lmax/Lmin of the building in plan shall be not higher than 4, where Lmax and Lmin are respectively the larger and smaller in plan dimension of the building, measured in orthogonal directions.
B17: Story | C17: Lmax (m) | D17: Lmin (m) | E17: λ
B18: ='STORY DATA'!B5 -> ROOF FL | C18: 33.5 | D18: 22.5 | E18: =C18/D18 -> 1.4888889 | F18: =IF(E18<4,"OK","NOT OK") -> OK
B19: ='STORY DATA'!B6 -> 9TH FL | C19: 33.5 | D19: 22.5 | E19: =C19/D19 -> 1.4888889 | F19: =IF(E19<4,"OK","NOT OK") -> OK
B20: ='STORY DATA'!B7 -> 8TH FL | C20: 33.5 | D20: 22.5 | E20: =C20/D20 -> 1.4888889 | F20: =IF(E20<4,"OK","NOT OK") -> OK
B21: ='STORY DATA'!B8 -> 7TH FL | C21: 33.5 | D21: 22.5 | E21: =C21/D21 -> 1.4888889 | F21: =IF(E21<4,"OK","NOT OK") -> OK
B22: ='STORY DATA'!B9 -> 6TH FL | C22: 33.5 | D22: 22.5 | E22: =C22/D22 -> 1.4888889 | F22: =IF(E22<4,"OK","NOT OK") -> OK
B23: ='STORY DATA'!B10 -> 5TH FL | C23: 33.5 | D23: 22.5 | E23: =C23/D23 -> 1.4888889 | F23: =IF(E23<4,"OK","NOT OK") -> OK
B24: ='STORY DATA'!B11 -> 4TH FL | C24: 33.5 | D24: 22.5 | E24: =C24/D24 -> 1.4888889 | F24: =IF(E24<4,"OK","NOT OK") -> OK
B25: ='STORY DATA'!B12 -> 3RD FL | C25: 33.5 | D25: 22.5 | E25: =C25/D25 -> 1.4888889 | F25: =IF(E25<4,"OK","NOT OK") -> OK
B26: ='STORY DATA'!B13 -> 2ND FL | C26: 33.5 | D26: 22.5 | E26: =C26/D26 -> 1.4888889 | F26: =IF(E26<4,"OK","NOT OK") -> OK
B27: ='STORY DATA'!B14 -> 1ST FL | C27: 33.5 | D27: 22.5 | E27: =C27/D27 -> 1.4888889 | F27: =IF(E27<4,"OK","NOT OK") -> OK
B28: ='STORY DATA'!B15 -> GROUND FL | C28: 33.5 | D28: 22.5 | E28: =C28/D28 -> 1.4888889 | F28: =IF(E28<4,"OK","NOT OK") -> OK
B30: Table 3.2.1: | C30: Slenderness of the Building
B32: The structure is regualr in Plan
A34: 4 | B34: Structural Eccentricity Shall be less than 30% of the torsional radius of the building
B76: Structural Eccentricity
B78: Story | C78: Xcm (m) | D78: Ycm (m) | E78: Xcr (m) | F78: Ycr (m) | G78: eox (m) | H78: eoy(m)
B79: =+B18 -> ROOF FL | C79: =+VLOOKUP($B79,'Center of Mass'!$B$8:$M82,9,0) -> 9.198 | D79: =+VLOOKUP($B79,'Center of Mass'!$B$8:$M82,10,0) -> 16.383 | E79: =+VLOOKUP($B79,'Center of Mass'!$B$8:$M82,11,0) -> 10.413 | F79: =+VLOOKUP($B79,'Center of Mass'!$B$8:$M82,12,0) -> 17.472 | G79: =C79-E79 -> -1.215 | H79: =D79-F79 -> -1.089
B80: =+B19 -> 9TH FL | C80: =+VLOOKUP($B80,'Center of Mass'!$B$8:$M83,9,0) -> 9.155 | D80: =+VLOOKUP($B80,'Center of Mass'!$B$8:$M83,10,0) -> 16.373 | E80: =+VLOOKUP($B80,'Center of Mass'!$B$8:$M83,11,0) -> 10.326 | F80: =+VLOOKUP($B80,'Center of Mass'!$B$8:$M83,12,0) -> 17.326 | G80: =C80-E80 -> -1.171 | H80: =D80-F80 -> -0.953
B81: =+B20 -> 8TH FL | C81: =+VLOOKUP($B81,'Center of Mass'!$B$8:$M84,9,0) -> 9.155 | D81: =+VLOOKUP($B81,'Center of Mass'!$B$8:$M84,10,0) -> 16.37 | E81: =+VLOOKUP($B81,'Center of Mass'!$B$8:$M84,11,0) -> 10.28 | F81: =+VLOOKUP($B81,'Center of Mass'!$B$8:$M84,12,0) -> 17.271 | G81: =C81-E81 -> -1.125 | H81: =D81-F81 -> -0.901
B82: =+B21 -> 7TH FL | C82: =+VLOOKUP($B82,'Center of Mass'!$B$8:$M85,9,0) -> 9.155 | D82: =+VLOOKUP($B82,'Center of Mass'!$B$8:$M85,10,0) -> 16.367 | E82: =+VLOOKUP($B82,'Center of Mass'!$B$8:$M85,11,0) -> 10.226 | F82: =+VLOOKUP($B82,'Center of Mass'!$B$8:$M85,12,0) -> 17.196 | G82: =C82-E82 -> -1.071 | H82: =D82-F82 -> -0.829
B83: =+B22 -> 6TH FL | C83: =+VLOOKUP($B83,'Center of Mass'!$B$8:$M86,9,0) -> 9.156 | D83: =+VLOOKUP($B83,'Center of Mass'!$B$8:$M86,10,0) -> 16.375 | E83: =+VLOOKUP($B83,'Center of Mass'!$B$8:$M86,11,0) -> 10.166 | F83: =+VLOOKUP($B83,'Center of Mass'!$B$8:$M86,12,0) -> 17.092 | G83: =C83-E83 -> -1.01 | H83: =D83-F83 -> -0.717
B84: =+B23 -> 5TH FL | C84: =+VLOOKUP($B84,'Center of Mass'!$B$8:$M87,9,0) -> 9.16 | D84: =+VLOOKUP($B84,'Center of Mass'!$B$8:$M87,10,0) -> 16.374 | E84: =+VLOOKUP($B84,'Center of Mass'!$B$8:$M87,11,0) -> 10.106 | F84: =+VLOOKUP($B84,'Center of Mass'!$B$8:$M87,12,0) -> 16.948 | G84: =C84-E84 -> -0.946 | H84: =D84-F84 -> -0.574
B85: =+B24 -> 4TH FL | C85: =+VLOOKUP($B85,'Center of Mass'!$B$8:$M88,9,0) -> 9.158 | D85: =+VLOOKUP($B85,'Center of Mass'!$B$8:$M88,10,0) -> 16.391 | E85: =+VLOOKUP($B85,'Center of Mass'!$B$8:$M88,11,0) -> 10.054 | F85: =+VLOOKUP($B85,'Center of Mass'!$B$8:$M88,12,0) -> 16.752 | G85: =C85-E85 -> -0.896 | H85: =D85-F85 -> -0.361
B86: =+B25 -> 3RD FL | C86: =+VLOOKUP($B86,'Center of Mass'!$B$8:$M89,9,0) -> 9.151 | D86: =+VLOOKUP($B86,'Center of Mass'!$B$8:$M89,10,0) -> 16.419 | E86: =+VLOOKUP($B86,'Center of Mass'!$B$8:$M89,11,0) -> 10.022 | F86: =+VLOOKUP($B86,'Center of Mass'!$B$8:$M89,12,0) -> 16.443 | G86: =C86-E86 -> -0.871 | H86: =D86-F86 -> -0.024
B87: =+B26 -> 2ND FL | C87: =+VLOOKUP($B87,'Center of Mass'!$B$8:$M90,9,0) -> 9.137 | D87: =+VLOOKUP($B87,'Center of Mass'!$B$8:$M90,10,0) -> 16.42 | E87: =+VLOOKUP($B87,'Center of Mass'!$B$8:$M90,11,0) -> 10.021 | F87: =+VLOOKUP($B87,'Center of Mass'!$B$8:$M90,12,0) -> 15.984 | G87: =C87-E87 -> -0.884 | H87: =D87-F87 -> 0.436
B88: =+B27 -> 1ST FL | C88: =+VLOOKUP($B88,'Center of Mass'!$B$8:$M91,9,0) -> 9.072 | D88: =+VLOOKUP($B88,'Center of Mass'!$B$8:$M91,10,0) -> 16.512 | E88: =+VLOOKUP($B88,'Center of Mass'!$B$8:$M91,11,0) -> 10.305 | F88: =+VLOOKUP($B88,'Center of Mass'!$B$8:$M91,12,0) -> 15.466 | G88: =C88-E88 -> -1.233 | H88: =D88-F88 -> 1.046
B89: =+B28 -> GROUND FL | C89: =+VLOOKUP($B89,'Center of Mass'!$B$8:$M92,9,0) -> 7.539 | D89: =+VLOOKUP($B89,'Center of Mass'!$B$8:$M92,10,0) -> 16.069 | E89: =+VLOOKUP($B89,'Center of Mass'!$B$8:$M92,11,0) -> 10.924 | F89: =+VLOOKUP($B89,'Center of Mass'!$B$8:$M92,12,0) -> 16.484 | G89: =C89-E89 -> -3.385 | H89: =D89-F89 -> -0.415
B91: Table 3.2.2: | C91: Structural Eccentricity of the Building
B93: Torsional Radius | G93: UL1 | H93: UL2 | I93: UL3
B95: Story | C95: UX(FTX) (m) | D95: UY(FTY) (m) | E95: Rz(MT) (rad) | F95: KFX (kN/m) | G95: KFY (kN/m) | H95: KMT (kN/m) | I95: rx (m) | J95: ry (m)
B96: =+B18 -> ROOF FL | C96: {=+INDEX(DISPLACEMENT!$B$9:$N6750,MATCH($B96&$G$93,DISPLACEMENT!$B$9:$B6750&DISPLACEMENT!$D$9:$D6750,0),4)} -> 33.961 | D96: {=+INDEX(DISPLACEMENT!$B$9:$N6750,MATCH($B96&$H$93,DISPLACEMENT!$B$9:$B6750&DISPLACEMENT!$D$9:$D6750,0),5)} -> 39.1056 | E96: {=+INDEX(DISPLACEMENT!$B$9:$N6750,MATCH($B96&$I$93,DISPLACEMENT!$B$9:$B6750&DISPLACEMENT!$D$9:$D6750,0),9)} -> 0.22373 | F96: =1/C96 -> 0.02944554 | G96: =1/D96 -> 0.025571785 | H96: =1/E96 -> 4.4696733 | I96: =SQRT(H96/G96) -> 13.220789 | J96: =SQRT(H96/F96) -> 12.320494
B97: =+B19 -> 9TH FL | C97: {=+INDEX(DISPLACEMENT!$B$9:$N6751,MATCH($B97&$G$93,DISPLACEMENT!$B$9:$B6751&DISPLACEMENT!$D$9:$D6751,0),4)} -> 29.6507 | D97: {=+INDEX(DISPLACEMENT!$B$9:$N6751,MATCH($B97&$H$93,DISPLACEMENT!$B$9:$B6751&DISPLACEMENT!$D$9:$D6751,0),5)} -> 35.3814 | E97: {=+INDEX(DISPLACEMENT!$B$9:$N6751,MATCH($B97&$I$93,DISPLACEMENT!$B$9:$B6751&DISPLACEMENT!$D$9:$D6751,0),9)} -> 0.19569 | F97: =1/C97 -> 0.033726017 | G97: =1/D97 -> 0.028263438 | H97: =1/E97 -> 5.1101232 | I97: =SQRT(H97/G97) -> 13.446312 | J97: =SQRT(H97/F97) -> 12.309294
B98: =+B20 -> 8TH FL | C98: {=+INDEX(DISPLACEMENT!$B$9:$N6752,MATCH($B98&$G$93,DISPLACEMENT!$B$9:$B6752&DISPLACEMENT!$D$9:$D6752,0),4)} -> 27.0123 | D98: {=+INDEX(DISPLACEMENT!$B$9:$N6752,MATCH($B98&$H$93,DISPLACEMENT!$B$9:$B6752&DISPLACEMENT!$D$9:$D6752,0),5)} -> 32.7137 | E98: {=+INDEX(DISPLACEMENT!$B$9:$N6752,MATCH($B98&$I$93,DISPLACEMENT!$B$9:$B6752&DISPLACEMENT!$D$9:$D6752,0),9)} -> 0.1782 | F98: =1/C98 -> 0.037020172 | G98: =1/D98 -> 0.030568233 | H98: =1/E98 -> 5.6116723 | I98: =SQRT(H98/G98) -> 13.549117 | J98: =SQRT(H98/F98) -> 12.311953
B99: =+B21 -> 7TH FL | C99: {=+INDEX(DISPLACEMENT!$B$9:$N6753,MATCH($B99&$G$93,DISPLACEMENT!$B$9:$B6753&DISPLACEMENT!$D$9:$D6753,0),4)} -> 23.9804 | D99: {=+INDEX(DISPLACEMENT!$B$9:$N6753,MATCH($B99&$H$93,DISPLACEMENT!$B$9:$B6753&DISPLACEMENT!$D$9:$D6753,0),5)} -> 29.4637 | E99: {=+INDEX(DISPLACEMENT!$B$9:$N6753,MATCH($B99&$I$93,DISPLACEMENT!$B$9:$B6753&DISPLACEMENT!$D$9:$D6753,0),9)} -> 0.15791 | F99: =1/C99 -> 0.041700722 | G99: =1/D99 -> 0.033940069 | H99: =1/E99 -> 6.3327212 | I99: =SQRT(H99/G99) -> 13.659627 | J99: =SQRT(H99/F99) -> 12.323197
B100: =+B22 -> 6TH FL | C100: {=+INDEX(DISPLACEMENT!$B$9:$N6754,MATCH($B100&$G$93,DISPLACEMENT!$B$9:$B6754&DISPLACEMENT!$D$9:$D6754,0),4)} -> 20.5895 | D100: {=+INDEX(DISPLACEMENT!$B$9:$N6754,MATCH($B100&$H$93,DISPLACEMENT!$B$9:$B6754&DISPLACEMENT!$D$9:$D6754,0),5)} -> 25.6526 | E100: {=+INDEX(DISPLACEMENT!$B$9:$N6754,MATCH($B100&$I$93,DISPLACEMENT!$B$9:$B6754&DISPLACEMENT!$D$9:$D6754,0),9)} -> 0.13514 | F100: =1/C100 -> 0.048568445 | G100: =1/D100 -> 0.038982403 | H100: =1/E100 -> 7.3997336 | I100: =SQRT(H100/G100) -> 13.777605 | J100: =SQRT(H100/F100) -> 12.34329
B101: =+B23 -> 5TH FL | C101: {=+INDEX(DISPLACEMENT!$B$9:$N6755,MATCH($B101&$G$93,DISPLACEMENT!$B$9:$B6755&DISPLACEMENT!$D$9:$D6755,0),4)} -> 16.9414 | D101: {=+INDEX(DISPLACEMENT!$B$9:$N6755,MATCH($B101&$H$93,DISPLACEMENT!$B$9:$B6755&DISPLACEMENT!$D$9:$D6755,0),5)} -> 21.5913 | E101: {=+INDEX(DISPLACEMENT!$B$9:$N6755,MATCH($B101&$I$93,DISPLACEMENT!$B$9:$B6755&DISPLACEMENT!$D$9:$D6755,0),9)} -> 0.1107 | F101: =1/C101 -> 0.059026999 | G101: =1/D101 -> 0.046314951 | H101: =1/E101 -> 9.0334237 | I101: =SQRT(H101/G101) -> 13.965793 | J101: =SQRT(H101/F101) -> 12.370887
B102: =+B24 -> 4TH FL | C102: {=+INDEX(DISPLACEMENT!$B$9:$N6756,MATCH($B102&$G$93,DISPLACEMENT!$B$9:$B6756&DISPLACEMENT!$D$9:$D6756,0),4)} -> 13.0911 | D102: {=+INDEX(DISPLACEMENT!$B$9:$N6756,MATCH($B102&$H$93,DISPLACEMENT!$B$9:$B6756&DISPLACEMENT!$D$9:$D6756,0),5)} -> 17.1262 | E102: {=+INDEX(DISPLACEMENT!$B$9:$N6756,MATCH($B102&$I$93,DISPLACEMENT!$B$9:$B6756&DISPLACEMENT!$D$9:$D6756,0),9)} -> 0.08488 | F102: =1/C102 -> 0.076387775 | G102: =1/D102 -> 0.058390069 | H102: =1/E102 -> 11.781338 | I102: =SQRT(H102/G102) -> 14.204561 | J102: =SQRT(H102/F102) -> 12.418964
B103: =+B25 -> 3RD FL | C103: {=+INDEX(DISPLACEMENT!$B$9:$N6757,MATCH($B103&$G$93,DISPLACEMENT!$B$9:$B6757&DISPLACEMENT!$D$9:$D6757,0),4)} -> 9.1898 | D103: {=+INDEX(DISPLACEMENT!$B$9:$N6757,MATCH($B103&$H$93,DISPLACEMENT!$B$9:$B6757&DISPLACEMENT!$D$9:$D6757,0),5)} -> 12.5186 | E103: {=+INDEX(DISPLACEMENT!$B$9:$N6757,MATCH($B103&$I$93,DISPLACEMENT!$B$9:$B6757&DISPLACEMENT!$D$9:$D6757,0),9)} -> 0.05884 | F103: =1/C103 -> 0.1088163 | G103: =1/D103 -> 0.079881137 | H103: =1/E103 -> 16.995241 | I103: =SQRT(H103/G103) -> 14.586179 | J103: =SQRT(H103/F103) -> 12.497314
B104: =+B26 -> 2ND FL | C104: {=+INDEX(DISPLACEMENT!$B$9:$N6758,MATCH($B104&$G$93,DISPLACEMENT!$B$9:$B6758&DISPLACEMENT!$D$9:$D6758,0),4)} -> 5.4466 | D104: {=+INDEX(DISPLACEMENT!$B$9:$N6758,MATCH($B104&$H$93,DISPLACEMENT!$B$9:$B6758&DISPLACEMENT!$D$9:$D6758,0),5)} -> 7.6911 | E104: {=+INDEX(DISPLACEMENT!$B$9:$N6758,MATCH($B104&$I$93,DISPLACEMENT!$B$9:$B6758&DISPLACEMENT!$D$9:$D6758,0),9)} -> 0.03398 | F104: =1/C104 -> 0.18360078 | G104: =1/D104 -> 0.13002041 | H104: =1/E104 -> 29.429076 | I104: =SQRT(H104/G104) -> 15.044666 | J104: =SQRT(H104/F104) -> 12.660506
B105: =+B27 -> 1ST FL | C105: {=+INDEX(DISPLACEMENT!$B$9:$N6759,MATCH($B105&$G$93,DISPLACEMENT!$B$9:$B6759&DISPLACEMENT!$D$9:$D6759,0),4)} -> 2.3061 | D105: {=+INDEX(DISPLACEMENT!$B$9:$N6759,MATCH($B105&$H$93,DISPLACEMENT!$B$9:$B6759&DISPLACEMENT!$D$9:$D6759,0),5)} -> 3.1796 | E105: {=+INDEX(DISPLACEMENT!$B$9:$N6759,MATCH($B105&$I$93,DISPLACEMENT!$B$9:$B6759&DISPLACEMENT!$D$9:$D6759,0),9)} -> 0.01334 | F105: =1/C105 -> 0.43363254 | G105: =1/D105 -> 0.31450497 | H105: =1/E105 -> 74.962519 | I105: =SQRT(H105/G105) -> 15.438615 | J105: =SQRT(H105/F105) -> 13.148044
B106: =+B28 -> GROUND FL | C106: {=+INDEX(DISPLACEMENT!$B$9:$N6760,MATCH($B106&$G$93,DISPLACEMENT!$B$9:$B6760&DISPLACEMENT!$D$9:$D6760,0),4)} -> 0.4554 | D106: {=+INDEX(DISPLACEMENT!$B$9:$N6760,MATCH($B106&$H$93,DISPLACEMENT!$B$9:$B6760&DISPLACEMENT!$D$9:$D6760,0),5)} -> 0.2614 | E106: {=+INDEX(DISPLACEMENT!$B$9:$N6760,MATCH($B106&$I$93,DISPLACEMENT!$B$9:$B6760&DISPLACEMENT!$D$9:$D6760,0),9)} -> 0.00203 | F106: =1/C106 -> 2.1958718 | G106: =1/D106 -> 3.8255547 | H106: =1/E106 -> 492.61084 | I106: =SQRT(H106/G106) -> 11.34762 | J106: =SQRT(H106/F106) -> 14.977816
B108: Table 3.2.3: | C108: Radius of Gyration of the Building
B111: Story | C111: eox (m) | D111: rx (m) | E111: 0.3*rx (m) | F111: Status | G111: eoy (m) | H111: ry (m) | I111: 0.3*ry (m) | J111: Status
B112: =B96 -> ROOF FL | C112: =ABS(G79) -> 1.215 | D112: =I97 -> 13.446312 | E112: =0.3*D112 -> 4.0338937 | F112: =IF(C112<=E112,"OK","NOT OK") -> OK | G112: =ABS(H79) -> 1.089 | H112: =J97 -> 12.309294 | I112: =0.3*H112 -> 3.6927883 | J112: =IF(G112<=I112,"OK","NOT OK") -> OK
B113: =B97 -> 9TH FL | C113: =ABS(G80) -> 1.171 | D113: =I97 -> 13.446312 | E113: =0.3*D113 -> 4.0338937 | F113: =IF(C113<=E113,"OK","NOT OK") -> OK | G113: =ABS(H80) -> 0.953 | H113: =J97 -> 12.309294 | I113: =0.3*H113 -> 3.6927883 | J113: =IF(G113<=I113,"OK","NOT OK") -> OK
B114: =B98 -> 8TH FL | C114: =ABS(G81) -> 1.125 | D114: =I98 -> 13.549117 | E114: =0.3*D114 -> 4.064735 | F114: =IF(C114<=E114,"OK","NOT OK") -> OK | G114: =ABS(H81) -> 0.901 | H114: =J98 -> 12.311953 | I114: =0.3*H114 -> 3.6935858 | J114: =IF(G114<=I114,"OK","NOT OK") -> OK
B115: =B99 -> 7TH FL | C115: =ABS(G82) -> 1.071 | D115: =I99 -> 13.659627 | E115: =0.3*D115 -> 4.097888 | F115: =IF(C115<=E115,"OK","NOT OK") -> OK | G115: =ABS(H82) -> 0.829 | H115: =J99 -> 12.323197 | I115: =0.3*H115 -> 3.6969591 | J115: =IF(G115<=I115,"OK","NOT OK") -> OK
B116: =B100 -> 6TH FL | C116: =ABS(G83) -> 1.01 | D116: =I100 -> 13.777605 | E116: =0.3*D116 -> 4.1332816 | F116: =IF(C116<=E116,"OK","NOT OK") -> OK | G116: =ABS(H83) -> 0.717 | H116: =J100 -> 12.34329 | I116: =0.3*H116 -> 3.7029871 | J116: =IF(G116<=I116,"OK","NOT OK") -> OK
B117: =B101 -> 5TH FL | C117: =ABS(G84) -> 0.946 | D117: =I101 -> 13.965793 | E117: =0.3*D117 -> 4.1897378 | F117: =IF(C117<=E117,"OK","NOT OK") -> OK | G117: =ABS(H84) -> 0.574 | H117: =J101 -> 12.370887 | I117: =0.3*H117 -> 3.7112661 | J117: =IF(G117<=I117,"OK","NOT OK") -> OK
B118: =B102 -> 4TH FL | C118: =ABS(G85) -> 0.896 | D118: =I102 -> 14.204561 | E118: =0.3*D118 -> 4.2613683 | F118: =IF(C118<=E118,"OK","NOT OK") -> OK | G118: =ABS(H85) -> 0.361 | H118: =J102 -> 12.418964 | I118: =0.3*H118 -> 3.7256893 | J118: =IF(G118<=I118,"OK","NOT OK") -> OK
B119: =B103 -> 3RD FL | C119: =ABS(G86) -> 0.871 | D119: =I103 -> 14.586179 | E119: =0.3*D119 -> 4.3758538 | F119: =IF(C119<=E119,"OK","NOT OK") -> OK | G119: =ABS(H86) -> 0.024 | H119: =J103 -> 12.497314 | I119: =0.3*H119 -> 3.7491943 | J119: =IF(G119<=I119,"OK","NOT OK") -> OK
B120: =B104 -> 2ND FL | C120: =ABS(G87) -> 0.884 | D120: =I104 -> 15.044666 | E120: =0.3*D120 -> 4.5133997 | F120: =IF(C120<=E120,"OK","NOT OK") -> OK | G120: =ABS(H87) -> 0.436 | H120: =J104 -> 12.660506 | I120: =0.3*H120 -> 3.7981517 | J120: =IF(G120<=I120,"OK","NOT OK") -> OK
B121: =B105 -> 1ST FL | C121: =ABS(G88) -> 1.233 | D121: =I105 -> 15.438615 | E121: =0.3*D121 -> 4.6315844 | F121: =IF(C121<=E121,"OK","NOT OK") -> OK | G121: =ABS(H88) -> 1.046 | H121: =J105 -> 13.148044 | I121: =0.3*H121 -> 3.9444132 | J121: =IF(G121<=I121,"OK","NOT OK") -> OK
B122: =B106 -> GROUND FL | C122: =ABS(G89) -> 3.385 | D122: =I106 -> 11.34762 | E122: =0.3*D122 -> 3.4042859 | F122: =IF(C122<=E122,"OK","NOT OK") -> OK | G122: =ABS(H89) -> 0.415 | H122: =J106 -> 14.977816 | I122: =0.3*H122 -> 4.4933448 | J122: =IF(G122<=I122,"OK","NOT OK") -> OK
B124: Table 3.2.4: | C124: Structural Eccentricity and Radius of Gyration Comparison for the Building
B126: =IF(ISERROR(MATCH("NOT OK",F112:F122,0))=TRUE,"For this case the structure satisfies Plan regularity criterion in X-Direction"," The structure is irregular in X-Dir Plan") -> For this case the structure satisfies Plan regularity criterion in X-Direction
B128: =IF(ISERROR(MATCH("NOT OK",J112:J122,0))=TRUE,"For this case the structure satisfies Plan regularity criterion in Y-Direction"," The structure is irregular in Y-Dir Plan") -> For this case the structure satisfies Plan regularity criterion in Y-Direction
A130: 5 | B130: Torsional radius should be greater than radius of gyration of each floor system r >= ls
B132: Story | C132: rx | D132: ls | E132: Status | F132: ry | G132: ls | H132: Status
B133: =B96 -> ROOF FL | C133: =I96 -> 13.220789 | D133: {=SQRT((SUMIFS('Area Assign'!$Y$2:$Y6529,'Area Assign'!$A$2:$A6529,B133,'Area Assign'!$D$2:$D6529,"Slab"))/(SUMIFS('Area Assign'!$S$2:$S6529,'Area Assign'!$A$2:$A6529,B133,'Area Assign'!$D$2:$D6529,"Slab")))} -> 17.542081 | E133: =IF(C133>D133,"OK","NOT OK") -> NOT OK | F133: =J97 -> 12.309294 | G133: =D133 -> 17.542081 | H133: =IF(F133>G133,"OK","NOT OK") -> NOT OK
B134: =B97 -> 9TH FL | C134: =I97 -> 13.446312 | D134: {=SQRT((SUMIFS('Area Assign'!$Y$2:$Y6529,'Area Assign'!$A$2:$A6529,B134,'Area Assign'!$D$2:$D6529,"Slab"))/(SUMIFS('Area Assign'!$S$2:$S6529,'Area Assign'!$A$2:$A6529,B134,'Area Assign'!$D$2:$D6529,"Slab")))} -> 17.325211 | E134: =IF(C134>D134,"OK","NOT OK") -> NOT OK | F134: =J97 -> 12.309294 | G134: =D134 -> 17.325211 | H134: =IF(F134>G134,"OK","NOT OK") -> NOT OK
B135: =B98 -> 8TH FL | C135: =I98 -> 13.549117 | D135: {=SQRT((SUMIFS('Area Assign'!$Y$2:$Y6529,'Area Assign'!$A$2:$A6529,B135,'Area Assign'!$D$2:$D6529,"Slab"))/(SUMIFS('Area Assign'!$S$2:$S6529,'Area Assign'!$A$2:$A6529,B135,'Area Assign'!$D$2:$D6529,"Slab")))} -> 17.325211 | E135: =IF(C135>D135,"OK","NOT OK") -> NOT OK | F135: =J98 -> 12.311953 | G135: =D135 -> 17.325211 | H135: =IF(F135>G135,"OK","NOT OK") -> NOT OK
B136: =B99 -> 7TH FL | C136: =I99 -> 13.659627 | D136: {=SQRT((SUMIFS('Area Assign'!$Y$2:$Y6529,'Area Assign'!$A$2:$A6529,B136,'Area Assign'!$D$2:$D6529,"Slab"))/(SUMIFS('Area Assign'!$S$2:$S6529,'Area Assign'!$A$2:$A6529,B136,'Area Assign'!$D$2:$D6529,"Slab")))} -> 17.520351 | E136: =IF(C136>D136,"OK","NOT OK") -> NOT OK | F136: =J99 -> 12.323197 | G136: =D136 -> 17.520351 | H136: =IF(F136>G136,"OK","NOT OK") -> NOT OK
B137: =B100 -> 6TH FL | C137: =I100 -> 13.777605 | D137: {=SQRT((SUMIFS('Area Assign'!$Y$2:$Y6529,'Area Assign'!$A$2:$A6529,B137,'Area Assign'!$D$2:$D6529,"Slab"))/(SUMIFS('Area Assign'!$S$2:$S6529,'Area Assign'!$A$2:$A6529,B137,'Area Assign'!$D$2:$D6529,"Slab")))} -> 17.322015 | E137: =IF(C137>D137,"OK","NOT OK") -> NOT OK | F137: =J100 -> 12.34329 | G137: =D137 -> 17.322015 | H137: =IF(F137>G137,"OK","NOT OK") -> NOT OK
B138: =B101 -> 5TH FL | C138: =I101 -> 13.965793 | D138: {=SQRT((SUMIFS('Area Assign'!$Y$2:$Y6529,'Area Assign'!$A$2:$A6529,B138,'Area Assign'!$D$2:$D6529,"Slab"))/(SUMIFS('Area Assign'!$S$2:$S6529,'Area Assign'!$A$2:$A6529,B138,'Area Assign'!$D$2:$D6529,"Slab")))} -> 17.22639 | E138: =IF(C138>D138,"OK","NOT OK") -> NOT OK | F138: =J101 -> 12.370887 | G138: =D138 -> 17.22639 | H138: =IF(F138>G138,"OK","NOT OK") -> NOT OK
B139: =B102 -> 4TH FL | C139: =I102 -> 14.204561 | D139: {=SQRT((SUMIFS('Area Assign'!$Y$2:$Y6529,'Area Assign'!$A$2:$A6529,B139,'Area Assign'!$D$2:$D6529,"Slab"))/(SUMIFS('Area Assign'!$S$2:$S6529,'Area Assign'!$A$2:$A6529,B139,'Area Assign'!$D$2:$D6529,"Slab")))} -> 17.676677 | E139: =IF(C139>D139,"OK","NOT OK") -> NOT OK | F139: =J102 -> 12.418964 | G139: =D139 -> 17.676677 | H139: =IF(F139>G139,"OK","NOT OK") -> NOT OK
B140: =B103 -> 3RD FL | C140: =I103 -> 14.586179 | D140: {=SQRT((SUMIFS('Area Assign'!$Y$2:$Y6529,'Area Assign'!$A$2:$A6529,B140,'Area Assign'!$D$2:$D6529,"Slab"))/(SUMIFS('Area Assign'!$S$2:$S6529,'Area Assign'!$A$2:$A6529,B140,'Area Assign'!$D$2:$D6529,"Slab")))} -> 17.715575 | E140: =IF(C140>D140,"OK","NOT OK") -> NOT OK | F140: =J103 -> 12.497314 | G140: =D140 -> 17.715575 | H140: =IF(F140>G140,"OK","NOT OK") -> NOT OK
B141: =B104 -> 2ND FL | C141: =I104 -> 15.044666 | D141: {=SQRT((SUMIFS('Area Assign'!$Y$2:$Y6529,'Area Assign'!$A$2:$A6529,B141,'Area Assign'!$D$2:$D6529,"Slab"))/(SUMIFS('Area Assign'!$S$2:$S6529,'Area Assign'!$A$2:$A6529,B141,'Area Assign'!$D$2:$D6529,"Slab")))} -> 17.715356 | E141: =IF(C141>D141,"OK","NOT OK") -> NOT OK | F141: =J104 -> 12.660506 | G141: =D141 -> 17.715356 | H141: =IF(F141>G141,"OK","NOT OK") -> NOT OK
B142: =B105 -> 1ST FL | C142: =I105 -> 15.438615 | D142: {=SQRT((SUMIFS('Area Assign'!$Y$2:$Y6529,'Area Assign'!$A$2:$A6529,B142,'Area Assign'!$D$2:$D6529,"Slab"))/(SUMIFS('Area Assign'!$S$2:$S6529,'Area Assign'!$A$2:$A6529,B142,'Area Assign'!$D$2:$D6529,"Slab")))} -> 17.475981 | E142: =IF(C142>D142,"OK","NOT OK") -> NOT OK | F142: =J105 -> 13.148044 | G142: =D142 -> 17.475981 | H142: =IF(F142>G142,"OK","NOT OK") -> NOT OK
B143: =B106 -> GROUND FL | C143: =I106 -> 11.34762 | D143: {=SQRT((SUMIFS('Area Assign'!$Y$2:$Y6529,'Area Assign'!$A$2:$A6529,B143,'Area Assign'!$D$2:$D6529,"Slab"))/(SUMIFS('Area Assign'!$S$2:$S6529,'Area Assign'!$A$2:$A6529,B143,'Area Assign'!$D$2:$D6529,"Slab")))} -> 19.416198 | E143: =IF(C143>D143,"OK","NOT OK") -> NOT OK | F143: =J106 -> 14.977816 | G143: =D143 -> 19.416198 | H143: =IF(F143>G143,"OK","NOT OK") -> NOT OK
B146: Table 3.2.5: | C146: Torsional Radius and Radius of Gyration Comparison for the Building
B148: =IF(ISERROR(MATCH("NOT OK",E133:E143,0))=TRUE,"For this case the structure satisfies Plan regularity criterion in X-Direction"," The structure is irregular in X-dir in Plan") -> The structure is irregular in X-dir in Plan
B150: =IF(ISERROR(MATCH("NOT OK",H133:H143,0))=TRUE,"For this case the structure satisfies Plan regularity criterion in Y-Direction"," The structure is irregular in Y-Dir in Plan") -> The structure is irregular in Y-Dir in Plan
B151: Based on analysis data the from Table 3.2.4 it can be concluded that the building is irregular in Plan for the Building classification. Hence for Table 3.2.5 we can conclude that the building isn't Tosionally Flexible in both directions.
B153: Criteria for regularity in Elevation
B154: For the building to be categorized as being regular in Elevation, it shall satisfy all the conditions listed below
A156: 1 | B156: All lateral load resisting systems, such as cores, structural walls, or frames, shall run without
B157: interruption from their foundations to the top of the building
B158: All Columns and shear wall run without any intruption from bottom to top
A160: 2 | B160: Both the lateral stiffness and the mass of the individual storeys shall remain constant or reduce
B161: gradually, without abrupt changes, from the base to the top of a particular building.
E162: EQX
B163: Story | C163: Stiffness X axis (kN/m) | D163: Ki >0.7*Ki+1 X axis
B164: =B133 -> ROOF FL | C164: {=ABS(+INDEX('STOREY SHEARS'!$B$9:$J2311,MATCH($B164&$E$162,'STOREY SHEARS'!$B$9:$B2311&'STOREY SHEARS'!$C$9:$C2311,0),5)/+(INDEX('4.5 Storey drift control'!$N$23:$R33,MATCH($B164,'4.5 Storey drift control'!$N$23:$N33,0),2)))} -> 89146.601 | D164: =IF(C164>0.7*C165,"OK","NOT OK") -> NOT OK
B165: =B134 -> 9TH FL | C165: {=ABS(+INDEX('STOREY SHEARS'!$B$9:$J2311,MATCH($B165&$E$162,'STOREY SHEARS'!$B$9:$B2311&'STOREY SHEARS'!$C$9:$C2311,0),5)/+(INDEX('4.5 Storey drift control'!$N$23:$R33,MATCH($B165,'4.5 Storey drift control'!$N$23:$N33,0),2)))} -> 158647.56 | D165: =IF(C165>0.7*C166,"OK","NOT OK") -> OK
B166: =B135 -> 8TH FL | C166: {=ABS(+INDEX('STOREY SHEARS'!$B$9:$J2311,MATCH($B166&$E$162,'STOREY SHEARS'!$B$9:$B2311&'STOREY SHEARS'!$C$9:$C2311,0),5)/+(INDEX('4.5 Storey drift control'!$N$23:$R33,MATCH($B166,'4.5 Storey drift control'!$N$23:$N33,0),2)))} -> 172348.18 | D166: =IF(C166>0.7*C167,"OK","NOT OK") -> OK
B167: =B136 -> 7TH FL | C167: {=ABS(+INDEX('STOREY SHEARS'!$B$9:$J2311,MATCH($B167&$E$162,'STOREY SHEARS'!$B$9:$B2311&'STOREY SHEARS'!$C$9:$C2311,0),5)/+(INDEX('4.5 Storey drift control'!$N$23:$R33,MATCH($B167,'4.5 Storey drift control'!$N$23:$N33,0),2)))} -> 183116.21 | D167: =IF(C167>0.7*C168,"OK","NOT OK") -> OK
...

Sheet 3.3 Lateral Force Participation
C1: 3.3. | D1: Building Classification | G1: Project : | H1: =+DISPLACEMENT!C1 -> BAHRU SARBET MODEL 1-3 q=1
G2: Client : | H2: =+DISPLACEMENT!C2 -> ATO BAHRU
G3: Designed by : | H3: =+DISPLACEMENT!C4 -> Sofonias Bezabeh
D5: During Seismic action building behaves based on the type of lateral force resisting system attached to it. Based on a mechanism the structure responds during seismic action, classified into various categories
C7: 1 | D7: Frame system
D8: If more than 65% of the total base Shear forces resisted by a frame action of Primary Seismic columns and beams, the structure would classify under frame system.
C9: 2 | D9: Wall system
D10: For a structure More than 65% of the total base shear force captured by a Primary shear wall. It is further classified as coupled and uncoupled wall based on the arrangement of a shear walls
C11: 3 | D11: Dual System
D12: In this case both Primary Seismic frame and wall contributed for a resistance of seismic lateral force. It is classified into two based on the amount of force captured by Primary Seismic Frame and Wall members.
D14: Dual System classification
D15: Classification | E15: Frame Equivalent Dual system | G15: Wall equivalent dual system
D16: Justification | E16: More than 50% of a lateral force captured by frame action | G16: More than 50% of a lateral force captured by wall action
C18: 4 | D18: Torsionally Flexible system
D19: For a building whose Radius of gyration of the floor mass exceeds the torsional radius in one or both of the two main direction of the building in plan.
C20: 5 | D20: Inverted pendulum system
D21: A system with at least 50% of the total mass in the upper third of the height, or with energy dissipation at the base of a single element.
D23: Stiffness Contribution and Lateral Force Attraction | K23: Displacement Load Used
K24: UL1 | L24: UL2
H25: Per Floor Load Resistance
E26: Along X-Direction | H26: UL1
D27: Story | E27: Lateral Load | F27: Column Load | G27: Shear Wall Load | H27: Column Load | I27: Shear Wall Load
D28: =+'STORY DATA'!B5 -> ROOF FL | E28: {=ABS(+INDEX('STOREY SHEARS'!$B$9:$J$5385,MATCH(D28&$K$24,'STOREY SHEARS'!$B$9:$B5392&'STOREY SHEARS'!$C$9:$C5392,0),5))} -> 200000 | F28: =ABS(+SUMIF('Column Forces'!$A$2:$K9869,CONCATENATE(D28,$K$24,0),'Column Forces'!$G$2:$G9869)) -> 70870.41 | G28: =ABS(SUMIF('Shear Wall Forces'!$A$2:K2327,CONCATENATE(D28,$K$24,"Bottom"),'Shear Wall Forces'!$H$2:H2327)) -> 29129.58 | H28: =+F28/E28 -> 0.35435205 | I28: =+G28/E28 -> 0.1456479
D29: =+'STORY DATA'!B6 -> 9TH FL | E29: {=ABS(+INDEX('STOREY SHEARS'!$B$9:$J$5385,MATCH(D29&$K$24,'STOREY SHEARS'!$B$9:$B5393&'STOREY SHEARS'!$C$9:$C5393,0),5))} -> 400000 | F29: =ABS(+SUMIF('Column Forces'!$A$2:$K9870,CONCATENATE(D29,$K$24,0),'Column Forces'!$G$2:$G9870)) -> 194432.93 | G29: =ABS(SUMIF('Shear Wall Forces'!$A$2:K2328,CONCATENATE(D29,$K$24,"Bottom"),'Shear Wall Forces'!$H$2:H2328)) -> 443261.75 | H29: =+F29/E29 -> 0.48608233 | I29: =+G29/E29 -> 1.1081544
D30: =+'STORY DATA'!B7 -> 8TH FL | E30: {=ABS(+INDEX('STOREY SHEARS'!$B$9:$J$5385,MATCH(D30&$K$24,'STOREY SHEARS'!$B$9:$B5394&'STOREY SHEARS'!$C$9:$C5394,0),5))} -> 500000 | F30: =ABS(+SUMIF('Column Forces'!$A$2:$K9871,CONCATENATE(D30,$K$24,0),'Column Forces'!$G$2:$G9871)) -> 213849.08 | G30: =ABS(SUMIF('Shear Wall Forces'!$A$2:K2329,CONCATENATE(D30,$K$24,"Bottom"),'Shear Wall Forces'!$H$2:H2329)) -> 486925.4 | H30: =+F30/E30 -> 0.42769816 | I30: =+G30/E30 -> 0.9738508
D31: =+'STORY DATA'!B8 -> 7TH FL | E31: {=ABS(+INDEX('STOREY SHEARS'!$B$9:$J$5385,MATCH(D31&$K$24,'STOREY SHEARS'!$B$9:$B5395&'STOREY SHEARS'!$C$9:$C5395,0),5))} -> 600000 | F31: =ABS(+SUMIF('Column Forces'!$A$2:$K9872,CONCATENATE(D31,$K$24,0),'Column Forces'!$G$2:$G9872)) -> 234563.83 | G31: =ABS(SUMIF('Shear Wall Forces'!$A$2:K2330,CONCATENATE(D31,$K$24,"Bottom"),'Shear Wall Forces'!$H$2:H2330)) -> 599873.82 | H31: =+F31/E31 -> 0.39093972 | I31: =+G31/E31 -> 0.9997897
D32: =+'STORY DATA'!B9 -> 6TH FL | E32: {=ABS(+INDEX('STOREY SHEARS'!$B$9:$J$5385,MATCH(D32&$K$24,'STOREY SHEARS'!$B$9:$B5396&'STOREY SHEARS'!$C$9:$C5396,0),5))} -> 700000 | F32: =ABS(+SUMIF('Column Forces'!$A$2:$K9873,CONCATENATE(D32,$K$24,0),'Column Forces'!$G$2:$G9873)) -> 502368.64 | G32: =ABS(SUMIF('Shear Wall Forces'!$A$2:K2331,CONCATENATE(D32,$K$24,"Bottom"),'Shear Wall Forces'!$H$2:H2331)) -> 525167.03 | H32: =+F32/E32 -> 0.71766949 | I32: =+G32/E32 -> 0.75023861
D33: =+'STORY DATA'!B10 -> 5TH FL | E33: {=ABS(+INDEX('STOREY SHEARS'!$B$9:$J$5385,MATCH(D33&$K$24,'STOREY SHEARS'!$B$9:$B5397&'STOREY SHEARS'!$C$9:$C5397,0),5))} -> 800000 | F33: =ABS(+SUMIF('Column Forces'!$A$2:$K9874,CONCATENATE(D33,$K$24,0),'Column Forces'!$G$2:$G9874)) -> 720760.63 | G33: =ABS(SUMIF('Shear Wall Forces'!$A$2:K2332,CONCATENATE(D33,$K$24,"Bottom"),'Shear Wall Forces'!$H$2:H2332)) -> 435408.37 | H33: =+F33/E33 -> 0.90095079 | I33: =+G33/E33 -> 0.54426046
D34: =+'STORY DATA'!B11 -> 4TH FL | E34: {=ABS(+INDEX('STOREY SHEARS'!$B$9:$J$5385,MATCH(D34&$K$24,'STOREY SHEARS'!$B$9:$B5398&'STOREY SHEARS'!$C$9:$C5398,0),5))} -> 900000 | F34: =ABS(+SUMIF('Column Forces'!$A$2:$K9875,CONCATENATE(D34,$K$24,0),'Column Forces'!$G$2:$G9875)) -> 646904.79 | G34: =ABS(SUMIF('Shear Wall Forces'!$A$2:K2333,CONCATENATE(D34,$K$24,"Bottom"),'Shear Wall Forces'!$H$2:H2333)) -> 345755.75 | H34: =+F34/E34 -> 0.7187831 | I34: =+G34/E34 -> 0.38417306
D35: =+'STORY DATA'!B12 -> 3RD FL | E35: {=ABS(+INDEX('STOREY SHEARS'!$B$9:$J$5385,MATCH(D35&$K$24,'STOREY SHEARS'!$B$9:$B5399&'STOREY SHEARS'!$C$9:$C5399,0),5))} -> 1000000 | F35: =ABS(+SUMIF('Column Forces'!$A$2:$K9876,CONCATENATE(D35,$K$24,0),'Column Forces'!$G$2:$G9876)) -> 673431.95 | G35: =ABS(SUMIF('Shear Wall Forces'!$A$2:K2334,CONCATENATE(D35,$K$24,"Bottom"),'Shear Wall Forces'!$H$2:H2334)) -> 387178.59 | H35: =+F35/E35 -> 0.67343195 | I35: =+G35/E35 -> 0.38717859
D36: =+'STORY DATA'!B13 -> 2ND FL | E36: {=ABS(+INDEX('STOREY SHEARS'!$B$9:$J$5385,MATCH(D36&$K$24,'STOREY SHEARS'!$B$9:$B5400&'STOREY SHEARS'!$C$9:$C5400,0),5))} -> 1100000 | F36: =ABS(+SUMIF('Column Forces'!$A$2:$K9877,CONCATENATE(D36,$K$24,0),'Column Forces'!$G$2:$G9877)) -> 702729.19 | G36: =ABS(SUMIF('Shear Wall Forces'!$A$2:K2335,CONCATENATE(D36,$K$24,"Bottom"),'Shear Wall Forces'!$H$2:H2335)) -> 503781.75 | H36: =+F36/E36 -> 0.63884472 | I36: =+G36/E36 -> 0.45798341
D37: =+'STORY DATA'!B14 -> 1ST FL | E37: {=ABS(+INDEX('STOREY SHEARS'!$B$9:$J$5385,MATCH(D37&$K$24,'STOREY SHEARS'!$B$9:$B5401&'STOREY SHEARS'!$C$9:$C5401,0),5))} -> 1200000 | F37: =ABS(+SUMIF('Column Forces'!$A$2:$K9878,CONCATENATE(D37,$K$24,0),'Column Forces'!$G$2:$G9878)) -> 1015797.7 | G37: =ABS(SUMIF('Shear Wall Forces'!$A$2:K2336,CONCATENATE(D37,$K$24,"Bottom"),'Shear Wall Forces'!$H$2:H2336)) -> 451563.63 | H37: =+F37/E37 -> 0.84649807 | I37: =+G37/E37 -> 0.37630303
D38: =+'STORY DATA'!B15 -> GROUND FL | E38: {=ABS(+INDEX('STOREY SHEARS'!$B$9:$J$5385,MATCH(D38&$K$24,'STOREY SHEARS'!$B$9:$B5424&'STOREY SHEARS'!$C$9:$C5424,0),5))} -> 1300000 | F38: =ABS(+SUMIF('Column Forces'!$A$2:$K9884,CONCATENATE(D38,$K$24,0),'Column Forces'!$G$2:$G9884)) -> 696549.52 | G38: =ABS(SUMIF('Shear Wall Forces'!$A$2:K2342,CONCATENATE(D38,$K$24,"Bottom"),'Shear Wall Forces'!$H$2:H2342)) -> 526092.1 | H38: =+F38/E38 -> 0.53580732 | I38: =+G38/E38 -> 0.40468623
D40: Load Participation | F40: =+F38/E38 -> 0.53580732 | G40: =+G38/E38 -> 0.40468623
D42: Based on analysis data the amount of lateral Force captured at 1st Fl by column is 59.75% and Shear wall is 26.56%. This implies most of the lateral forces captured by a Primary Columns along X axis
H44: Per Floor Load Resistance
E45: Along Y-Direction | H45: UL2
D46: Story | E46: Lateral Load | F46: Column Load | G46: Shear Wall Load | H46: Column Load | I46: Shear Wall Load
D47: =+D28 -> ROOF FL | E47: {=ABS(+INDEX('STOREY SHEARS'!$B$9:$J$5385,MATCH(D28&$L$24,'STOREY SHEARS'!$B$9:$B5386&'STOREY SHEARS'!$C$9:$C5386,0),6))} -> 200000 | F47: =ABS(+SUMIF('Column Forces'!$A$2:$K9865,CONCATENATE(D28,$L$24,0),'Column Forces'!$H$2:$H9865)) -> 138403.99 | G47: =ABS(SUMIF('Shear Wall Forces'!$A$2:K1326,CONCATENATE(D47,$L$24,"Top"),'Shear Wall Forces'!$G$2:G1326)) -> 38403.99 | H47: =+F47/E47 -> 0.69201995 | I47: =+G47/E47 -> 0.19201995
D48: =+D29 -> 9TH FL | E48: {=ABS(+INDEX('STOREY SHEARS'!$B$9:$J$5385,MATCH(D29&$L$24,'STOREY SHEARS'!$B$9:$B5387&'STOREY SHEARS'!$C$9:$C5387,0),6))} -> 400000 | F48: =ABS(+SUMIF('Column Forces'!$A$2:$K9866,CONCATENATE(D29,$L$24,0),'Column Forces'!$H$2:$H9866)) -> 317966.1 | G48: =ABS(SUMIF('Shear Wall Forces'!$A$2:K1327,CONCATENATE(D48,$L$24,"Top"),'Shear Wall Forces'!$G$2:G1327)) -> 594127.11 | H48: =+F48/E48 -> 0.79491525 | I48: =+G48/E48 -> 1.4853178
D49: =+D30 -> 8TH FL | E49: {=ABS(+INDEX('STOREY SHEARS'!$B$9:$J$5385,MATCH(D30&$L$24,'STOREY SHEARS'!$B$9:$B5388&'STOREY SHEARS'!$C$9:$C5388,0),6))} -> 500000 | F49: =ABS(+SUMIF('Column Forces'!$A$2:$K9867,CONCATENATE(D30,$L$24,0),'Column Forces'!$H$2:$H9867)) -> 324284.86 | G49: =ABS(SUMIF('Shear Wall Forces'!$A$2:K1328,CONCATENATE(D49,$L$24,"Top"),'Shear Wall Forces'!$G$2:G1328)) -> 691239.58 | H49: =+F49/E49 -> 0.64856972 | I49: =+G49/E49 -> 1.3824792
D50: =+D31 -> 7TH FL | E50: {=ABS(+INDEX('STOREY SHEARS'!$B$9:$J$5385,MATCH(D31&$L$24,'STOREY SHEARS'!$B$9:$B5389&'STOREY SHEARS'!$C$9:$C5389,0),6))} -> 600000 | F50: =ABS(+SUMIF('Column Forces'!$A$2:$K9868,CONCATENATE(D31,$L$24,0),'Column Forces'!$H$2:$H9868)) -> 273055.37 | G50: =ABS(SUMIF('Shear Wall Forces'!$A$2:K1329,CONCATENATE(D50,$L$24,"Top"),'Shear Wall Forces'!$G$2:G1329)) -> 846488.33 | H50: =+F50/E50 -> 0.45509228 | I50: =+G50/E50 -> 1.4108139
D51: =+D32 -> 6TH FL | E51: {=ABS(+INDEX('STOREY SHEARS'!$B$9:$J$5385,MATCH(D32&$L$24,'STOREY SHEARS'!$B$9:$B5390&'STOREY SHEARS'!$C$9:$C5390,0),6))} -> 700000 | F51: =ABS(+SUMIF('Column Forces'!$A$2:$K9869,CONCATENATE(D32,$L$24,0),'Column Forces'!$H$2:$H9869)) -> 442095.67 | G51: =ABS(SUMIF('Shear Wall Forces'!$A$2:K1330,CONCATENATE(D51,$L$24,"Top"),'Shear Wall Forces'!$G$2:G1330)) -> 781111.5 | H51: =+F51/E51 -> 0.63156524 | I51: =+G51/E51 -> 1.1158736
D52: =+D33 -> 5TH FL | E52: {=ABS(+INDEX('STOREY SHEARS'!$B$9:$J$5385,MATCH(D33&$L$24,'STOREY SHEARS'!$B$9:$B5391&'STOREY SHEARS'!$C$9:$C5391,0),6))} -> 800000 | F52: =ABS(+SUMIF('Column Forces'!$A$2:$K9870,CONCATENATE(D33,$L$24,0),'Column Forces'!$H$2:$H9870)) -> 386922.61 | G52: =ABS(SUMIF('Shear Wall Forces'!$A$2:K1331,CONCATENATE(D52,$L$24,"Top"),'Shear Wall Forces'!$G$2:G1331)) -> 936888.45 | H52: =+F52/E52 -> 0.48365326 | I52: =+G52/E52 -> 1.1711106
D53: =+D34 -> 4TH FL | E53: {=ABS(+INDEX('STOREY SHEARS'!$B$9:$J$5385,MATCH(D34&$L$24,'STOREY SHEARS'!$B$9:$B5392&'STOREY SHEARS'!$C$9:$C5392,0),6))} -> 900000 | F53: =ABS(+SUMIF('Column Forces'!$A$2:$K9871,CONCATENATE(D34,$L$24,0),'Column Forces'!$H$2:$H9871)) -> 432509.91 | G53: =ABS(SUMIF('Shear Wall Forces'!$A$2:K1332,CONCATENATE(D53,$L$24,"Top"),'Shear Wall Forces'!$G$2:G1332)) -> 784907.62 | H53: =+F53/E53 -> 0.48056657 | I53: =+G53/E53 -> 0.87211958
D54: =+D35 -> 3RD FL | E54: {=ABS(+INDEX('STOREY SHEARS'!$B$9:$J$5385,MATCH(D35&$L$24,'STOREY SHEARS'!$B$9:$B5393&'STOREY SHEARS'!$C$9:$C5393,0),6))} -> 1000000 | F54: =ABS(+SUMIF('Column Forces'!$A$2:$K9872,CONCATENATE(D35,$L$24,0),'Column Forces'!$H$2:$H9872)) -> 368116.11 | G54: =ABS(SUMIF('Shear Wall Forces'!$A$2:K1333,CONCATENATE(D54,$L$24,"Top"),'Shear Wall Forces'!$G$2:G1333)) -> 1074449.2 | H54: =+F54/E54 -> 0.36811611 | I54: =+G54/E54 -> 1.0744492
D55: =+D36 -> 2ND FL | E55: {=ABS(+INDEX('STOREY SHEARS'!$B$9:$J$5385,MATCH(D36&$L$24,'STOREY SHEARS'!$B$9:$B5394&'STOREY SHEARS'!$C$9:$C5394,0),6))} -> 1100000 | F55: =ABS(+SUMIF('Column Forces'!$A$2:$K9873,CONCATENATE(D36,$L$24,0),'Column Forces'!$H$2:$H9873)) -> 269760.29 | G55: =ABS(SUMIF('Shear Wall Forces'!$A$2:K1334,CONCATENATE(D55,$L$24,"Top"),'Shear Wall Forces'!$G$2:G1334)) -> 1255025 | H55: =+F55/E55 -> 0.24523663 | I55: =+G55/E55 -> 1.1409318
D56: =+D37 -> 1ST FL | E56: {=ABS(+INDEX('STOREY SHEARS'!$B$9:$J$5385,MATCH(D37&$L$24,'STOREY SHEARS'!$B$9:$B5395&'STOREY SHEARS'!$C$9:$C5395,0),6))} -> 1200000 | F56: =ABS(+SUMIF('Column Forces'!$A$2:$K9874,CONCATENATE(D37,$L$24,0),'Column Forces'!$H$2:$H9874)) -> 289320.17 | G56: =ABS(SUMIF('Shear Wall Forces'!$A$2:K1335,CONCATENATE(D56,$L$24,"Top"),'Shear Wall Forces'!$G$2:G1335)) -> 1171864.8 | H56: =+F56/E56 -> 0.24110014 | I56: =+G56/E56 -> 0.97655403
D57: =+D38 -> GROUND FL | E57: {=ABS(+INDEX('STOREY SHEARS'!$B$9:$J$5385,MATCH(D38&$L$24,'STOREY SHEARS'!$B$9:$B5401&'STOREY SHEARS'!$C$9:$C5401,0),6))} -> 1300000 | F57: =ABS(+SUMIF('Column Forces'!$A$2:$K9880,CONCATENATE(D38,$L$24,0),'Column Forces'!$H$2:$H9880)) -> 122600.22 | G57: =ABS(SUMIF('Shear Wall Forces'!$A$2:K1341,CONCATENATE(D57,$L$24,"Top"),'Shear Wall Forces'!$G$2:G1341)) -> 3830526.2 | H57: =+F57/E57 -> 0.094307862 | I57: =+G57/E57 -> 2.9465586
F59: =+F57/E57 -> 0.094307862 | G59: =+G57/E57 -> 2.9465586
D61: Based on analysis data the amount lateral Force captured at 1st Fl by column is 17.02% and Shear wall is 68.93%. This implies most of the lateral forces captured by a Primary Shear Walls along Y axis
D63: The structure is catergorized as Un-Coupled Wall System System

Sheet 3.4 Behavioral Factor
H1: Project : | J1: =+DISPLACEMENT!C1 -> BAHRU SARBET MODEL 1-3 q=1
A2: 3.4. Behavioral Factor Calculation | H2: Client : | J2: =+DISPLACEMENT!C2 -> ATO BAHRU
H3: Designed by : | J3: =+DISPLACEMENT!C4 -> Sofonias Bezabeh
B4: To avoid explicit inelastic structural analysis in design, the capacity of the structure to dissipate energy, through mainly ductile behaviour of its elements and/or other mechanisms, is taken into accountby performing an elastic analysis based on a response spectrum reduced with respect to the elastic one,henceforth called a ''design spectrum''. This reduction is accomplished by introducing the behaviour factor q.
B8: Fel is the peak force that would be developed in an SDOF system if it responded to the earthquake elastically
B9: Fy is the yield load of the system.
B25: For the vertical component of the seismic action a behaviour factor q up to to 1,5 should generally be adopted for all materials and structural systems.
B26: The adoption of values for q greater than 1,5 in the vertical direction should be justified through an appropriate analysis.
D28: ES EN 1998-1-1:2015,cl.5.2.2.2(1))
B30: qo is the basic value of the behaviour factor, dependent on the type of the structural system and on its regularity in elevation
B31: kw is the factor reflecting the prevailing failure mode in structural systems with walls | N31: One Storey Frame
N32: Multi-Storey One Bay frame
B33: For buildings that are regular in elevation the basic values of qo for the various structural | N33: Multi-Storey Multi-Bay Frame
B34: types are given in Table below | N34: Wall Equivalent Dual System
N35: Coupled Wall System
N36: Uncoupled wall System
N37: Uncoupled wall System
N38: Torsionally Flexible system
N39: Inverted Pendulum System
B41: When the multiplication factor αu/α1 has not been evaluated through an explicit calculation, for
B42: buildings which are regular or irregular in plan the following approximate values of αu/α1 may be used.
B44: For regular building
B56: For Irregular building
B85: Table 3.4.1 | C85: Behaviour factor qo for DCM structural system
B87: Building Type | D87: Multi-Storey Multi-Bay Frame
B88: Structural Type | D88: Irregular | O88: Regular
O89: Irregular In Plan
C90: qo= | D90: =IF(AND(D87="One Storey Frame",D88="Regular "),3.3,IF(AND(D87="One Storey Frame",D88="irregular in plan "),3.15,IF(AND(D87="One Storey Frame",D88="Irregular in elevation "),2.64,IF(AND(D87="One Storey Frame",D88="irregular "),2.52,IF(AND(D87="Multi-Storey One Bay Frame",D88="Regular "),3.6,IF(AND(D87="Multi-Storey One Bay Frame",D88="irregular in plan "),3.3,IF(AND(D87="Multi-Storey One Bay Frame",D88="Irregular in elevation "),2.88,IF(AND(D87="Multi-Storey One Bay Frame",D88="irregular "),2.64,IF(AND(D87="Multi-Storey Multi-Bay Frame",D88="Regular "),3.9,IF(AND(D87="Multi-Storey Multi-Bay Frame",D88="irregular in plan "),3.45,IF(AND(D87="Multi-Storey Multi-Bay Frame",D88="Irregular in elevation "),3.12,IF(AND(D87="Multi-Storey Multi-Bay Frame",D88="irregular "),2.76,IF(AND(D87="Wall Equivalent Dual System ",D88="Regular "),3.6,IF(AND(D87="Wall Equivalent Dual System ",D88="irregular in plan "),3.3,IF(AND(D87="Wall Equivalent Dual System ",D88="Irregular in elevation "),2.88,IF(AND(D87="Wall Equivalent Dual System ",D88="irregular "),2.64,IF(AND(D87="Coupled Wall System ",D88="Regular "),3.6,IF(AND(D87="Coupled Wall System ",D88="irregular in plan "),3.3,IF(AND(D87="Coupled Wall System ",D88="Irregular in elevation "),2.88,IF(AND(D87="Coupled Wall System ",D88="irregular "),2.64,IF(AND(D87="UnCoupled Wall System ",D88="Regular "),3,IF(AND(D87="UnCoupled Wall System ",D88="irregular in plan "),3,IF(AND(D87="UnCoupled Wall System ",D88="Irregular in elevation "),2.4,IF(AND(D87="UnCoupled Wall System ",D88="irregular "),2.4,"Calculate")))))))))))))))))))))))) -> 2.76 | O90: Irregular In Elevation
O91: Irregular
B98: αo is the prevailing aspect ratio of the walls of the structural system
B102: hwi is the height of wall i; and
B103: lwi is the length of the section of wall i
B105: Shear wall total length
C106: - | D106: along X axis | G106: m
C107: - | D107: along Y axis | G107: m
B108: Total Height of Shear wall | F108: m
B110: Along X axis
C111: αox= | D111: =IF(F106=0,1,E108/F106) -> 1 | E111: Kwx= | F111: =IF(F106=0,1,IF(TEXT($D$87,0)="Frame-system ",1,IF(((1+D111)/3)<0.5,0.5,IF(((1+D111)/3)>1,1,((1+D111)/3))))) -> 1
B112: Along Y Axis
C113: αoy= | D113: =IF(F107=0,1,E108/F107) -> 1 | E113: Kwy= | F113: =IF(F107=0,1,IF($D$87="Frame-system ",1,IF(((1+D113)/3)<0.5,0.5,IF(((1+D113)/3)>1,1,((1+D113)/3))))) -> 1
C115: Behavioural factor will be :-
D116: Along X axis => | F116: qx= | G116: =+D90 -> 2.76
D117: Along Y axis => | F117: qy= | G117: =+D90 -> 2.76
F119: q= | G119: =G117 -> 2.76

Sheet 4.1 Base Shear
B2: 4 | C2: Seismic Analysis | G2: Project : | I2: =+DISPLACEMENT!C1 -> BAHRU SARBET MODEL 1-3 q=1
G3: Client : | I3: =+DISPLACEMENT!C2 -> ATO BAHRU
G4: Designed by : | I4: Sofonias Bezabeh
B5: 4.1 | C5: Base Shear Calculation
C6: Eurocode 8 recommended highly idealized spectra, which follow the physical constraints and the characteristic features of actual spectra and are intended to represent average characteristics of ground motions in the region. The shape of spectra follows the typical characteristics of spectra. The spectral accelerations are the largest in the short-period range, the spectral velocities are the largest in the medium period range and the spectral displacements are the largest in the long-period range. In order to define the design seismic action according to Eurocode 8, the following parameters need to be defined:
B7: 1 | C7: The reference return period for the seismic action
B8: 2 | C8: The structure is designed with no collapse and damage limitation requirements under the effect of reference seismic actions associated with a 10% Probability of exceedance in 50 years and 10 years respectively. This is equivalent to a mean return period of 475 years for earthquakes at least as strong as the design seismic action.
B9: 3 | C9: Ground type based on Shear wave or SPT values
B10: 4 | C10: Important class of a building. Ordinary building with important class II
B11: 5 | C11: The predominant surface wave magnitude of earthquakes that contribute to the seismic hazard. The building is located in Addis Ababa which is categorized under Seismic Zone 3. The design ground acceleration will be 0.1g.
B14: Design Ground Acceleration corresponding to
B16: No Collapse Requirement | E16: 0.1 | G16: g
B17: Damage Limitation requirement | E17: 0.1 | G17: g
N18: n= | O18: 1
B19: Table 3.1: Values of the parameters describing the recommended Type 1 elastic response spectra | H19: Table 3.2: Values of the parameters describing the recommended Type 2 elastic response spectra
B21: Ground type | C21: S | D21: TB(s) | E21: TC(s) | F21: TD(s) | H21: Ground type | I21: S | J21: TB(s) | K21: TC(s) | L21: TD(s) | N21: TYPE 1X | O21: Sd <=TB(s) | P21: Sd <=TC(s) | Q21: Sd <=TD(s) | R21: Sd >=TD(s) | T21: TYPE 1Y | U21: Sd <=TB(s) | V21: Sd <=TC(s) | W21: Sd <=TD(s) | X21: Sd >=TD(s) | Z21: TYPE 2X | AA21: Sd <=TB(s) | AB21: Sd <=TC(s) | AC21: Sd <=TD(s) | AD21: Sd >=TD(s) | AF21: TYPE 2Y | AG21: Sd <=TB(s) | AH21: Sd <=TC(s) | AI21: Sd <=TD(s) | AJ21: Sd >=TD(s)
B22: A | C22: 1 | D22: 0.05 | E22: 0.25 | F22: 1.2 | H22: A | I22: 1 | J22: 0.15 | K22: 0.4 | L22: 2 | N22: A | O22: =+C22*((2/3)+($E$30/D22)*((2.5/$F$38)-2/3)) -> 12.950668 | P22: =+C22*$O$18*2.5/$F$38 -> 0.9057971 | Q22: =IF(C22*2.5*E22/($F$38*$E$30)>=$F$37,C22*2.5*E22/($F$38*$E$30),$F$37) -> 0.2 | R22: =IF(C22*2.5*E22*F22/($F$38*$E$30^2)>=$F$37,C22*2.5*E22*F22/($F$38*$E$30^2),$F$37) -> 0.2 | T22: A | U22: =+C22*((2/3)+($F$30/D22)*((2.5/$F$38)-2/3)) -> 14.09529 | V22: =+E22*$O$18*2.5/$F$38 -> 0.22644928 | W22: =IF(C22*2.5*E22/($F$38*$F$30)>=$F$37,C22*2.5*E22/($F$38*$F$30),$F$37) -> 0.2 | X22: =IF(C22*2.5*E22*F22/($F$38*$F$30^2)>=$F$37,C22*2.5*E22*F22/($F$38*$F$30^2),$F$37) -> 0.2 | Z22: A | AA22: =+I22*((2/3)+($E$30/J22)*((2.5/$F$38)-2/3)) -> 4.7613338 | AB22: =+I22*$O$18*2.5/$F$38 -> 0.9057971 | AC22: =IF(I22*2.5*K22/($F$38*$E$30)>=$F$37,I22*2.5*K22/($F$38*$E$30),$F$37) -> 0.2 | AD22: =IF(I22*2.5*K22*L22/($F$38*$E$30^2)>=$F$37,I22*2.5*K22*L22/($F$38*$E$30^2),$F$37) -> 0.2 | AF22: A | AG22: =+I22*((2/3)+($F$30/J22)*((2.5/$F$38)-2/3)) -> 5.1428743 | AH22: =+I22*$O$18*2.5/$F$38 -> 0.9057971 | AI22: =IF(I22*2.5*K22/($F$38*$F$30)>=$F$37,I22*2.5*K22/($F$38*$F$30),$F$37) -> 0.2 | AJ22: =IF(I22*2.5*K22*L22/($F$38*$F$30^2)>=$F$37,I22*2.5*K22*L22/($F$38*$F$30^2),$F$37) -> 0.2
B23: B | C23: 1.35 | D23: 0.05 | E23: 0.25 | F23: 1.2 | H23: B | I23: 1.2 | J23: 0.15 | K23: 0.5 | L23: 2 | N23: B | O23: =+C23*((2/3)+($E$30/D23)*((2.5/$F$38)-2/3)) -> 17.483402 | P23: =+C23*$O$18*2.5/$F$38 -> 1.2228261 | Q23: =IF(C23*2.5*E23/($F$38*$E$30)>=$F$37,C23*2.5*E23/($F$38*$E$30),$F$37) -> 0.2 | R23: =IF(C23*2.5*E23*F23/($F$38*$E$30^2)>=$F$37,C23*2.5*E23*F23/($F$38*$E$30^2),$F$37) -> 0.2 | T23: B | U23: =+C23*((2/3)+($F$30/D23)*((2.5/$F$38)-2/3)) -> 19.028641 | V23: =+E23*$O$18*2.5/$F$38 -> 0.22644928 | W23: =IF(C23*2.5*E23/($F$38*$F$30)>=$F$37,C23*2.5*E23/($F$38*$F$30),$F$37) -> 0.2 | X23: =IF(C23*2.5*E23*F23/($F$38*$F$30^2)>=$F$37,C23*2.5*E23*F23/($F$38*$F$30^2),$F$37) -> 0.2 | Z23: B | AA23: =+I23*((2/3)+($E$30/J23)*((2.5/$F$38)-2/3)) -> 5.7136005 | AB23: =+I23*$O$18*2.5/$F$38 -> 1.0869565 | AC23: =IF(I23*2.5*K23/($F$38*$E$30)>=$F$37,I23*2.5*K23/($F$38*$E$30),$F$37) -> 0.21159586 | AD23: =IF(I23*2.5*K23*L23/($F$38*$E$30^2)>=$F$37,I23*2.5*K23*L23/($F$38*$E$30^2),$F$37) -> 0.2 | AF23: B | AG23: =+I23*((2/3)+($F$30/J23)*((2.5/$F$38)-2/3)) -> 6.1714492 | AH23: =+I23*$O$18*2.5/$F$38 -> 1.0869565 | AI23: =IF(I23*2.5*K23/($F$38*$F$30)>=$F$37,I23*2.5*K23/($F$38*$F$30),$F$37) -> 0.2 | AJ23: =IF(I23*2.5*K23*L23/($F$38*$F$30^2)>=$F$37,I23*2.5*K23*L23/($F$38*$F$30^2),$F$37) -> 0.2
B24: C | C24: 1.5 | D24: 0.1 | E24: 0.25 | F24: 1.2 | H24: C | I24: 1.15 | J24: 0.2 | K24: 0.6 | L24: 2 | N24: C | O24: =+C24*((2/3)+($E$30/D24)*((2.5/$F$38)-2/3)) -> 10.213001 | P24: =+C24*$O$18*2.5/$F$38 -> 1.3586957 | Q24: =IF(C24*2.5*E24/($F$38*$E$30)>=$F$37,C24*2.5*E24/($F$38*$E$30),$F$37) -> 0.2 | R24: =IF(C24*2.5*E24*F24/($F$38*$E$30^2)>=$F$37,C24*2.5*E24*F24/($F$38*$E$30^2),$F$37) -> 0.2 | T24: C | U24: =+C24*((2/3)+($F$30/D24)*((2.5/$F$38)-2/3)) -> 11.071467 | V24: =+E24*$O$18*2.5/$F$38 -> 0.22644928 | W24: =IF(C24*2.5*E24/($F$38*$F$30)>=$F$37,C24*2.5*E24/($F$38*$F$30),$F$37) -> 0.2 | X24: =IF(C24*2.5*E24*F24/($F$38*$F$30^2)>=$F$37,C24*2.5*E24*F24/($F$38*$F$30^2),$F$37) -> 0.2 | Z24: C | AA24: =+I24*((2/3)+($E$30/J24)*((2.5/$F$38)-2/3)) -> 4.298317 | AB24: =+I24*$O$18*2.5/$F$38 -> 1.0416667 | AC24: =IF(I24*2.5*K24/($F$38*$E$30)>=$F$37,I24*2.5*K24/($F$38*$E$30),$F$37) -> 0.24333524 | AD24: =IF(I24*2.5*K24*L24/($F$38*$E$30^2)>=$F$37,I24*2.5*K24*L24/($F$38*$E$30^2),$F$37) -> 0.2 | AF24: C | AG24: =+I24*((2/3)+($F$30/J24)*((2.5/$F$38)-2/3)) -> 4.6273958 | AH24: =+I24*$O$18*2.5/$F$38 -> 1.0416667 | AI24: =IF(I24*2.5*K24/($F$38*$F$30)>=$F$37,I24*2.5*K24/($F$38*$F$30),$F$37) -> 0.22259396 | AJ24: =IF(I24*2.5*K24*L24/($F$38*$F$30^2)>=$F$37,I24*2.5*K24*L24/($F$38*$F$30^2),$F$37) -> 0.2
B25: D | C25: 1.8 | D25: 0.1 | E25: 0.3 | F25: 1.2 | H25: D | I25: 1.35 | J25: 0.2 | K25: 0.8 | L25: 2 | N25: D | O25: =+C25*((2/3)+($E$30/D25)*((2.5/$F$38)-2/3)) -> 12.255601 | P25: =+C25*$O$18*2.5/$F$38 -> 1.6304348 | Q25: =IF(C25*2.5*E25/($F$38*$E$30)>=$F$37,C25*2.5*E25/($F$38*$E$30),$F$37) -> 0.2 | R25: =IF(C25*2.5*E25*F25/($F$38*$E$30^2)>=$F$37,C25*2.5*E25*F25/($F$38*$E$30^2),$F$37) -> 0.2 | T25: D | U25: =+C25*((2/3)+($F$30/D25)*((2.5/$F$38)-2/3)) -> 13.285761 | V25: =+E25*$O$18*2.5/$F$38 -> 0.27173913 | W25: =IF(C25*2.5*E25/($F$38*$F$30)>=$F$37,C25*2.5*E25/($F$38*$F$30),$F$37) -> 0.2 | X25: =IF(C25*2.5*E25*F25/($F$38*$F$30^2)>=$F$37,C25*2.5*E25*F25/($F$38*$F$30^2),$F$37) -> 0.2 | Z25: D | AA25: =+I25*((2/3)+($E$30/J25)*((2.5/$F$38)-2/3)) -> 5.0458504 | AB25: =+I25*$O$18*2.5/$F$38 -> 1.2228261 | AC25: =IF(I25*2.5*K25/($F$38*$E$30)>=$F$37,I25*2.5*K25/($F$38*$E$30),$F$37) -> 0.38087255 | AD25: =IF(I25*2.5*K25*L25/($F$38*$E$30^2)>=$F$37,I25*2.5*K25*L25/($F$38*$E$30^2),$F$37) -> 0.29657509 | AF25: D | AG25: =+I25*((2/3)+($F$30/J25)*((2.5/$F$38)-2/3)) -> 5.4321603 | AH25: =+I25*$O$18*2.5/$F$38 -> 1.2228261 | AI25: =IF(I25*2.5*K25/($F$38*$F$30)>=$F$37,I25*2.5*K25/($F$38*$F$30),$F$37) -> 0.34840794 | AJ25: =IF(I25*2.5*K25*L25/($F$38*$F$30^2)>=$F$37,I25*2.5*K25*L25/($F$38*$F$30^2),$F$37) -> 0.24817122
B26: E | C26: 1.6 | D26: 0.05 | E26: 0.25 | F26: 1.2 | H26: E | I26: 1.4 | J26: 0.15 | K26: 0.5 | L26: 2 | N26: E | O26: =+C26*((2/3)+($E$30/D26)*((2.5/$F$38)-2/3)) -> 20.721069 | P26: =+C26*$O$18*2.5/$F$38 -> 1.4492754 | Q26: =IF(C26*2.5*E26/($F$38*$E$30)>=$F$37,C26*2.5*E26/($F$38*$E$30),$F$37) -> 0.2 | R26: =IF(C26*2.5*E26*F26/($F$38*$E$30^2)>=$F$37,C26*2.5*E26*F26/($F$38*$E$30^2),$F$37) -> 0.2 | T26: E | U26: =+C26*((2/3)+($F$30/D26)*((2.5/$F$38)-2/3)) -> 22.552464 | V26: =+E26*$O$18*2.5/$F$38 -> 0.22644928 | W26: =IF(C26*2.5*E26/($F$38*$F$30)>=$F$37,C26*2.5*E26/($F$38*$F$30),$F$37) -> 0.2 | X26: =IF(C26*2.5*E26*F26/($F$38*$F$30^2)>=$F$37,C26*2.5*E26*F26/($F$38*$F$30^2),$F$37) -> 0.2 | Z26: E | AA26: =+I26*((2/3)+($E$30/J26)*((2.5/$F$38)-2/3)) -> 6.6658673 | AB26: =+I26*$O$18*2.5/$F$38 -> 1.2681159 | AC26: =IF(I26*2.5*K26/($F$38*$E$30)>=$F$37,I26*2.5*K26/($F$38*$E$30),$F$37) -> 0.24686184 | AD26: =IF(I26*2.5*K26*L26/($F$38*$E$30^2)>=$F$37,I26*2.5*K26*L26/($F$38*$E$30^2),$F$37) -> 0.2 | AF26: E | AG26: =+I26*((2/3)+($F$30/J26)*((2.5/$F$38)-2/3)) -> 7.2000241 | AH26: =+I26*$O$18*2.5/$F$38 -> 1.2681159 | AI26: =IF(I26*2.5*K26/($F$38*$F$30)>=$F$37,I26*2.5*K26/($F$38*$F$30),$F$37) -> 0.22581996 | AJ26: =IF(I26*2.5*K26*L26/($F$38*$F$30^2)>=$F$37,I26*2.5*K26*L26/($F$38*$F$30^2),$F$37) -> 0.2
B29: Input Actual 1st Mode Building Period Calculated from Dynamic Analysis | E29: T1x (s) | F29: T1y (s)
E30: =+'4.2 Modal Load Participation'!F9 -> 2.568473 | F30: =+'4.2 Modal Load Participation'!F10 -> 2.807803
B32: Parameters for Seismic Loads | F32: Values
B34: Ground Acceleration | F34: 0.1 | G34: g
B35: Spectrum Type | F35: 1
B36: Ground Type | F36: B
B37: Lower Bound Beta Factor | F37: 0.2
B38: Behaviour Factor | F38: 2.76
G58: Type 1 | H58: Type 2
B59: Check which equation to use for X Direction Sd(T) | G59: =+IF(E30<=INDEX(B22:F26,MATCH(F36,B22:B26,0),3),3.13,IF(E30<=INDEX(B22:F26,MATCH(F36,B22:B26,0),4),3.14,IF(E30<=INDEX(B22:F26,MATCH(F36,B22:B26,0),5),3.15,3.16))) -> 3.16 | H59: =+IF(E30<=INDEX(H22:L26,MATCH(F36,H22:H26,0),3),3.13,IF(E30<=INDEX(H22:L26,MATCH(F36,H22:H26,0),4),3.14,IF(E30<=INDEX(H22:L26,MATCH(F36,H22:H26,0),5),3.15,3.16))) -> 3.16
B60: Check which equation to use for Y Direction Sd(T) | G60: =+IF(F30<=INDEX(B22:F26,MATCH(F36,B22:B26,0),3),3.13,IF(F30<=INDEX(B22:F26,MATCH(F36,B22:B26,0),4),3.14,IF(F30<=INDEX(B22:F26,MATCH(F36,B22:B26,0),5),3.15,3.16))) -> 3.16 | H60: =+IF(E30<=INDEX(H22:L26,MATCH(F36,H22:H26,0),3),3.13,IF(E30<=INDEX(H22:L26,MATCH(F36,H22:H26,0),4),3.14,IF(E30<=INDEX(H22:L26,MATCH(F36,H22:H26,0),5),3.15,3.16))) -> 3.16
B62: Sd(T)x = | C62: =$F$34*IF(H59=3.13,MAX(INDEX(N22:R26,MATCH($F$36,N22:N26,0),2),INDEX(Z22:AD26,MATCH($F$36,Z22:Z26,0),2)),IF(H59=3.14,MAX(INDEX(N22:R26,MATCH($F$36,N22:N26,0),3),INDEX(Z22:AD26,MATCH($F$36,Z22:Z26,0),3)),IF(H59=3.15,MAX(INDEX(N22:R26,MATCH($F$36,N22:N26,0),4),INDEX(Z22:AD26,MATCH($F$36,Z22:Z26,0),4)),MAX(INDEX(N22:R26,MATCH($F$36,N22:N26,0),5),INDEX(Z22:AD26,MATCH($F$36,Z22:Z26,0),5))))) -> 0.02 | D62: g
B63: Sd(T)y = | C63: =$F$34*IF(H60=3.13,MAX(INDEX(T22:X26,MATCH($F$36,T22:T26,0),2),INDEX(AF22:AJ26,MATCH($F$36,AF22:AF26,0),2)),IF(H60=3.14,MAX(INDEX(T22:X26,MATCH($F$36,T22:T26,0),3),INDEX(AF22:AJ26,MATCH($F$36,AF22:AF26,0),3)),IF(H60=3.15,MAX(INDEX(T22:X26,MATCH($F$36,T22:T26,0),4),INDEX(AF22:AJ26,MATCH($F$36,AF22:AF26,0),4)),MAX(INDEX(T22:X26,MATCH($F$36,T22:T26,0),5),INDEX(AF22:AJ26,MATCH($F$36,AF22:AF26,0),5))))) -> 0.02 | D63: g
B65: Base Shear Force
B86: Total Building Weight = | D86: =+SUMIF('Base Reactions'!D3:G3677,"SESMASSX",'Base Reactions'!G3:G3677) -> 103268.09 | E86: KN
M87: Load case for Calculated shear value
C88: Sd(T)/g | D88: m (mass inKN) | F88: λ (correction Factor) | G88: Fb(KN) | I88: Modal Mass Participation Ratio (%) | J88: Lower Bound | K88: Upper Bound | L88: Calculated value Base Shear for RS | M88: =+'STORY DATA'!B14 -> 1ST FL
B89: X-Dir | C89: =+C62 -> 0.02 | D89: =+D86 -> 103268.09 | F89: =+IF(E30<=2*INDEX(H22:L26,MATCH(F36,H22:H26,0),4),0.85,1) -> 1 | G89: =+C89*D89*F89 -> 2065.3618 | I89: =+'4.2 Modal Load Participation'!J9/100 -> 0.498674 | J89: =G89*I89 -> 1029.9422 | K89: =G89 -> 2065.3618 | L89: {=+INDEX('STOREY SHEARS'!B9:$J$4481,MATCH($M$88&$M$89,'STOREY SHEARS'!$B$9:$B$4481&'STOREY SHEARS'!$C$9:$C$4481,0)+1,5)} -> 1742.77 | M89: RSEQX | N89: =+K89/L89 -> 1.1851029
B90: Y-Dir | C90: =+C63 -> 0.02 | D90: =+D86 -> 103268.09 | F90: =+IF(F30<=2*INDEX(H22:L26,MATCH(F36,H22:H26,0),4),0.85,1) -> 1 | G90: =+C90*D90*F90 -> 2065.3618 | I90: =+'4.2 Modal Load Participation'!J10/100 -> 0.558171 | J90: =G90*I90 -> 1152.8251 | K90: =G90 -> 2065.3618 | L90: {=+INDEX('STOREY SHEARS'!B9:$J4481,MATCH($M$88&$M$90,'STOREY SHEARS'!$B$9:$B$4481&'STOREY SHEARS'!$C$9:$C$4481,0)+1,6)} -> 1607.07 | M90: RSEQY | N90: =+K90/L90 -> 1.2851723

Sheet 4.3 Geometric Imperfetion
B1: 4.3 Geometric Imperfections | G1: Project : | I1: ='4.1 Base Shear'!I2 -> BAHRU SARBET MODEL 1-3 q=1
G2: Client : | I2: ='4.1 Base Shear'!I3 -> ATO BAHRU
G3: Designed by : | I3: ='4.1 Base Shear'!I4 -> Sofonias Bezabeh
B5: The unfavorable effects of possible deviation in the geometry of the
B6: structure and the position of laoad shall be taken into account in
B7: the analysis of members and structures according to
B8: ES EN 1992.1.1:2015 Article 5.2.
B10: Imperfections shall be taken into account in ultimate limit states
B11: in persistent and accidental design situations. Imperfect need
B12: not be considered for serviceability limit states.
B14: Imperfections may be represented by inclination θi given by
B25: The transversal force Hi due to geometric imperfection will be
I27: Axial Load Used
I28: SESMASSX
B38: Story | C38: Ptot | D38: θ0 | E38: L(h) | F38: m | G38: αh | H38: αm | I38: θi | J38: Hi
B39: ='STORY DATA'!B4 -> UP ROOF FL | C39: {=+INDEX('STOREY SHEARS'!$B$9:$J3212,MATCH($B39&$I$28,'STOREY SHEARS'!$B$9:$B3212&'STOREY SHEARS'!$C$9:$C3212,0)+1,4)} -> 1039.75 | D39: =1/200 -> 0.005 | E39: =+VLOOKUP($B39,'STORY DATA'!$B$4:$E17,2,0) -> 3.2 | F39: 22 | G39: =IF((2/SQRT(E39))<2/3,2/3,IF((2/SQRT(E39))>1,1,(2/SQRT(E39)))) -> 1 | H39: =SQRT(0.5*(1+(1/F39))) -> 0.72299881 | I39: =D39*G39*H39 -> 0.003614994 | J39: =I39*C39 -> 3.75869 | K39: =+J39 -> 3.75869
B40: ='STORY DATA'!B5 -> ROOF FL | C40: {=+INDEX('STOREY SHEARS'!$B$9:$J3213,MATCH($B40&$I$28,'STOREY SHEARS'!$B$9:$B3213&'STOREY SHEARS'!$C$9:$C3213,0)+1,4)} -> 8326.47 | D40: =1/200 -> 0.005 | E40: =+VLOOKUP($B40,'STORY DATA'!$B$4:$E17,2,0) -> 3.2 | F40: 22 | G40: =IF((2/SQRT(E40))<2/3,2/3,IF((2/SQRT(E40))>1,1,(2/SQRT(E40)))) -> 1 | H40: =SQRT(0.5*(1+(1/F40))) -> 0.72299881 | I40: =D40*G40*H40 -> 0.003614994 | J40: =I40*C40 -> 30.100139 | K40: =+J40-J39 -> 26.341449
B41: ='STORY DATA'!B6 -> 9TH FL | C41: {=+INDEX('STOREY SHEARS'!$B$9:$J3214,MATCH($B41&$I$28,'STOREY SHEARS'!$B$9:$B3214&'STOREY SHEARS'!$C$9:$C3214,0)+1,4)} -> 22899.91 | D41: =1/200 -> 0.005 | E41: =+VLOOKUP($B41,'STORY DATA'!$B$4:$E17,2,0) -> 3.2 | F41: 22 | G41: =IF((2/SQRT(E41))<2/3,2/3,IF((2/SQRT(E41))>1,1,(2/SQRT(E41)))) -> 1 | H41: =SQRT(0.5*(1+(1/F41))) -> 0.72299881 | I41: =D41*G41*H41 -> 0.003614994 | J41: =I41*C41 -> 82.783038 | K41: =+J41-J40 -> 52.682899
B42: ='STORY DATA'!B7 -> 8TH FL | C42: {=+INDEX('STOREY SHEARS'!$B$9:$J3215,MATCH($B42&$I$28,'STOREY SHEARS'!$B$9:$B3215&'STOREY SHEARS'!$C$9:$C3215,0)+1,4)} -> 30190.03 | D42: =1/200 -> 0.005 | E42: =+VLOOKUP($B42,'STORY DATA'!$B$4:$E17,2,0) -> 3.2 | F42: 22 | G42: =IF((2/SQRT(E42))<2/3,2/3,IF((2/SQRT(E42))>1,1,(2/SQRT(E42)))) -> 1 | H42: =SQRT(0.5*(1+(1/F42))) -> 0.72299881 | I42: =D42*G42*H42 -> 0.003614994 | J42: =I42*C42 -> 109.13678 | K42: =+J42-J41 -> 26.35374
B43: ='STORY DATA'!B8 -> 7TH FL | C43: {=+INDEX('STOREY SHEARS'!$B$9:$J3216,MATCH($B43&$I$28,'STOREY SHEARS'!$B$9:$B3216&'STOREY SHEARS'!$C$9:$C3216,0)+1,4)} -> 37480.15 | D43: =1/200 -> 0.005 | E43: =+VLOOKUP($B43,'STORY DATA'!$B$4:$E17,2,0) -> 3.2 | F43: 22 | G43: =IF((2/SQRT(E43))<2/3,2/3,IF((2/SQRT(E43))>1,1,(2/SQRT(E43)))) -> 1 | H43: =SQRT(0.5*(1+(1/F43))) -> 0.72299881 | I43: =D43*G43*H43 -> 0.003614994 | J43: =I43*C43 -> 135.49052 | K43: =+J43-J42 -> 26.35374
B44: ='STORY DATA'!B9 -> 6TH FL | C44: {=+INDEX('STOREY SHEARS'!$B$9:$J3217,MATCH($B44&$I$28,'STOREY SHEARS'!$B$9:$B3217&'STOREY SHEARS'!$C$9:$C3217,0)+1,4)} -> 44879.92 | D44: =1/200 -> 0.005 | E44: =+VLOOKUP($B44,'STORY DATA'!$B$4:$E17,2,0) -> 3.2 | F44: 22 | G44: =IF((2/SQRT(E44))<2/3,2/3,IF((2/SQRT(E44))>1,1,(2/SQRT(E44)))) -> 1 | H44: =SQRT(0.5*(1+(1/F44))) -> 0.72299881 | I44: =D44*G44*H44 -> 0.003614994 | J44: =I44*C44 -> 162.24064 | K44: =+J44-J43 -> 26.750124
B45: ='STORY DATA'!B10 -> 5TH FL | C45: {=+INDEX('STOREY SHEARS'!$B$9:$J3218,MATCH($B45&$I$28,'STOREY SHEARS'!$B$9:$B3218&'STOREY SHEARS'!$C$9:$C3218,0)+1,4)} -> 52308.59 | D45: =1/200 -> 0.005 | E45: =+VLOOKUP($B45,'STORY DATA'!$B$4:$E17,2,0) -> 3.2 | F45: 22 | G45: =IF((2/SQRT(E45))<2/3,2/3,IF((2/SQRT(E45))>1,1,(2/SQRT(E45)))) -> 1 | H45: =SQRT(0.5*(1+(1/F45))) -> 0.72299881 | I45: =D45*G45*H45 -> 0.003614994 | J45: =I45*C45 -> 189.09524 | K45: =+J45-J44 -> 26.854598
B46: ='STORY DATA'!B11 -> 4TH FL | C46: {=+INDEX('STOREY SHEARS'!$B$9:$J3219,MATCH($B46&$I$28,'STOREY SHEARS'!$B$9:$B3219&'STOREY SHEARS'!$C$9:$C3219,0)+1,4)} -> 59851.58 | D46: =1/200 -> 0.005 | E46: =+VLOOKUP($B46,'STORY DATA'!$B$4:$E17,2,0) -> 3.2 | F46: 22 | G46: =IF((2/SQRT(E46))<2/3,2/3,IF((2/SQRT(E46))>1,1,(2/SQRT(E46)))) -> 1 | H46: =SQRT(0.5*(1+(1/F46))) -> 0.72299881 | I46: =D46*G46*H46 -> 0.003614994 | J46: =I46*C46 -> 216.3631 | K46: =+J46-J45 -> 27.267864
B47: ='STORY DATA'!B12 -> 3RD FL | C47: {=+INDEX('STOREY SHEARS'!$B$9:$J3220,MATCH($B47&$I$28,'STOREY SHEARS'!$B$9:$B3220&'STOREY SHEARS'!$C$9:$C3220,0)+1,4)} -> 67394.57 | D47: =1/200 -> 0.005 | E47: =+VLOOKUP($B47,'STORY DATA'!$B$4:$E17,2,0) -> 3.2 | F47: 22 | G47: =IF((2/SQRT(E47))<2/3,2/3,IF((2/SQRT(E47))>1,1,(2/SQRT(E47)))) -> 1 | H47: =SQRT(0.5*(1+(1/F47))) -> 0.72299881 | I47: =D47*G47*H47 -> 0.003614994 | J47: =I47*C47 -> 243.63097 | K47: =+J47-J46 -> 27.267864
B48: ='STORY DATA'!B13 -> 2ND FL | C48: {=+INDEX('STOREY SHEARS'!$B$9:$J3221,MATCH($B48&$I$28,'STOREY SHEARS'!$B$9:$B3221&'STOREY SHEARS'!$C$9:$C3221,0)+1,4)} -> 75064.43 | D48: =1/200 -> 0.005 | E48: =+VLOOKUP($B48,'STORY DATA'!$B$4:$E17,2,0) -> 3.2 | F48: 22 | G48: =IF((2/SQRT(E48))<2/3,2/3,IF((2/SQRT(E48))>1,1,(2/SQRT(E48)))) -> 1 | H48: =SQRT(0.5*(1+(1/F48))) -> 0.72299881 | I48: =D48*G48*H48 -> 0.003614994 | J48: =I48*C48 -> 271.35747 | K48: =+J48-J47 -> 27.726498
B49: ='STORY DATA'!B14 -> 1ST FL | C49: {=+INDEX('STOREY SHEARS'!$B$9:$J3222,MATCH($B49&$I$28,'STOREY SHEARS'!$B$9:$B3222&'STOREY SHEARS'!$C$9:$C3222,0)+1,4)} -> 83147.56 | D49: =1/200 -> 0.005 | E49: =+VLOOKUP($B49,'STORY DATA'!$B$4:$E17,2,0) -> 4 | F49: 22 | G49: =IF((2/SQRT(E49))<2/3,2/3,IF((2/SQRT(E49))>1,1,(2/SQRT(E49)))) -> 1 | H49: =SQRT(0.5*(1+(1/F49))) -> 0.72299881 | I49: =D49*G49*H49 -> 0.003614994 | J49: =I49*C49 -> 300.57793 | K49: =+J49-J48 -> 29.220467
B50: ='STORY DATA'!B15 -> GROUND FL | C50: {=+INDEX('STOREY SHEARS'!$B$9:$J3223,MATCH($B50&$I$28,'STOREY SHEARS'!$B$9:$B3223&'STOREY SHEARS'!$C$9:$C3223,0)+1,4)} -> 94566.49 | D50: =1/200 -> 0.005 | E50: =+VLOOKUP($B50,'STORY DATA'!$B$4:$E17,2,0) -> 3.04 | F50: 22 | G50: =IF((2/SQRT(E50))<2/3,2/3,IF((2/SQRT(E50))>1,1,(2/SQRT(E50)))) -> 1 | H50: =SQRT(0.5*(1+(1/F50))) -> 0.72299881 | I50: =D50*G50*H50 -> 0.003614994 | J50: =I50*C50 -> 341.8573 | K50: =+J50-J49 -> 41.279364

Sheet 4.4 Stability Analysis 
G3: Project : | I3: ='4.5 Storey drift control'!I2 -> BAHRU SARBET MODEL 1-3 q=1
B4: 4.4. Inter-Story Drift | G4: Client : | I4: ='4.5 Storey drift control'!I3 -> ATO BAHRU
G5: Designed by : | I5: ='4.5 Storey drift control'!I4 -> Sofonias Bezabeh
B6: The deflections in the members of the structure induce secondary moments due to the fact that the ends of the member may no longer be vertical in the deflected position. These secondary effects for members can be accurately approximated through the use of P-Delta analysis.
B7: Seismic design requires taking into account second order (P-Δ) effects in building whenever in the vertical members of any story they exceed 10% of the total first order ones. For values between 20% and 30% Second order anaysis is required. This criterion is the inters-tory drift sensitivity coefficient,θ, defined for story i as
J28: Max θx | K28: Max θy
J29: =+MAX(J36:J1011) -> 0.20472832 | K29: =+MAX(K36:K1011) -> 0.25770751
B30: Stability Analysis For Different Storeys
B32: Storey | C32: Combination | D32: Axial Load | E32: Storey Height | F32: Lateral Force Hu | H32: Storey Drift Δ | J32: Θ= ƩPu Δu/(Hu hs) | L32: Classifcation
B33: Storey | D33: ƩPu = ƩWi (KN)
B35: Storey | D35: Ptot (KN) | E35: Height = hs (m) | F35: Hu Lateral = Vx (KN) | G35: Hu Lateral = Vy (KN) | H35: dr X-Δ-(m) | I35: dr Y- Δ-(m) | J35: θx | K35: θy | L35: Along X | M35: Along Y
B36: =+'STORY DATA'!$B$5 -> ROOF FL | C36: CORSX1 MAX | D36: {=+INDEX('STOREY SHEARS'!$B$9:$J$4190,MATCH($B36&$C36,'STOREY SHEARS'!$B$9:$B$4190&'STOREY SHEARS'!$C$9:$C$4190,0)+1,4)} -> 8326.47 | E36: =+VLOOKUP(B36,'STORY DATA'!$B$4:$E$47,2,0) -> 3.2 | F36: {=+INDEX('STOREY SHEARS'!$B$9:$J$5758,MATCH($B36&$C36,'STOREY SHEARS'!$B$9:$B$5758&'STOREY SHEARS'!$C$9:$C$5758,0)+1,5)} -> 624.43 | H36: {=+INDEX('Diaphram Drift'!$B$8:$J3339,MATCH(B36&O36,'Diaphram Drift'!$B$8:$B3339&'Diaphram Drift'!$D$8:$D3339,0),8)*E36*'4.5 Storey drift control'!$J$16} -> 0.0133184 | J36: =ABS((D36*H36)/(F36*E36)) -> 0.055498243 | L36: =IF(IF(J36>0.1,"SWAY","NO SWAY")="SWAY",IF(J36>0.3,"REVISE","SWAY"),"NO SWAY") -> NO SWAY | N36: CORSX1 | O36: CORSX1DL
B37: =+B36 -> ROOF FL | C37: CORSX1 MIN | D37: {=+INDEX('STOREY SHEARS'!$B$9:$J$4190,MATCH($B37&$C37,'STOREY SHEARS'!$B$9:$B$4190&'STOREY SHEARS'!$C$9:$C$4190,0)+1,4)} -> 8326.47 | E37: =+VLOOKUP(B37,'STORY DATA'!$B$4:$E$47,2,0) -> 3.2 | F37: {=+INDEX('STOREY SHEARS'!$B$9:$J$5758,MATCH($B37&$C37,'STOREY SHEARS'!$B$9:$B$5758&'STOREY SHEARS'!$C$9:$C$5758,0)+1,5)} -> -624.43 | H37: {=+INDEX('Diaphram Drift'!$B$8:$J3340,MATCH(B37&O37,'Diaphram Drift'!$B$8:$B3340&'Diaphram Drift'!$D$8:$D3340,0),8)*E37*'4.5 Storey drift control'!$J$16} -> 0.0078656 | J37: =ABS((D37*H37)/(F37*E37)) -> 0.032776233 | L37: =IF(IF(J37>0.1,"SWAY","NO SWAY")="SWAY",IF(J37>0.3,"REVISE","SWAY"),"NO SWAY") -> NO SWAY | N37: CORSX1 | O37: CORSY1DL
B38: =+B37 -> ROOF FL | C38: CORSY1 MAX | D38: {=+INDEX('STOREY SHEARS'!$B$9:$J$4190,MATCH($B38&$C38,'STOREY SHEARS'!$B$9:$B$4190&'STOREY SHEARS'!$C$9:$C$4190,0)+1,4)} -> 8326.47 | E38: =+VLOOKUP(B38,'STORY DATA'!$B$4:$E$47,2,0) -> 3.2 | G38: {=+INDEX('STOREY SHEARS'!$B$9:$J$5758,MATCH($B38&$C38,'STOREY SHEARS'!$B$9:$B$5758&'STOREY SHEARS'!$C$9:$C$5758,0)+1,6)} -> 477.3 | I38: {=+INDEX('Diaphram Drift'!$B$8:$J3326,MATCH(B38&O38,'Diaphram Drift'!$B$8:$B3326&'Diaphram Drift'!$D$8:$D3326,0),8)*E38*'4.5 Storey drift control'!$J$16} -> 0.0133184 | K38: {=ABS((D38*I38)/(G38*E38))} -> 0.072605841 | M38: =IF(IF(K38>0.1,"SWAY","NO SWAY")="SWAY",IF(K38>0.3,"REVISE","SWAY"),"NO SWAY") -> NO SWAY | N38: CORSY1 | O38: CORSX1DL
B39: =+B38 -> ROOF FL | C39: CORSY1 MIN | D39: {=+INDEX('STOREY SHEARS'!$B$9:$J$4190,MATCH($B39&$C39,'STOREY SHEARS'!$B$9:$B$4190&'STOREY SHEARS'!$C$9:$C$4190,0)+1,4)} -> 8326.47 | E39: =+VLOOKUP(B39,'STORY DATA'!$B$4:$E$47,2,0) -> 3.2 | G39: {=+INDEX('STOREY SHEARS'!$B$9:$J$5758,MATCH($B39&$C39,'STOREY SHEARS'!$B$9:$B$5758&'STOREY SHEARS'!$C$9:$C$5758,0)+1,6)} -> -477.3 | I39: {=+INDEX('Diaphram Drift'!$B$8:$J3327,MATCH(B39&O39,'Diaphram Drift'!$B$8:$B3327&'Diaphram Drift'!$D$8:$D3327,0),8)*E39*'4.5 Storey drift control'!$J$16} -> 0.0078656 | K39: {=ABS((D39*I39)/(G39*E39))} -> 0.042879663 | M39: =IF(IF(K39>0.1,"SWAY","NO SWAY")="SWAY",IF(K39>0.3,"REVISE","SWAY"),"NO SWAY") -> NO SWAY | N39: CORSY1 | O39: CORSY1DL
B40: {=INDEX('STORY DATA'!$B$4:$E90,MATCH($B36,'STORY DATA'!$B$4:$B90,0)+1,1)} -> 9TH FL | C40: CORSX1 MAX | D40: {=+INDEX('STOREY SHEARS'!$B$9:$J$4190,MATCH($B40&$C40,'STOREY SHEARS'!$B$9:$B$4190&'STOREY SHEARS'!$C$9:$C$4190,0)+1,4)} -> 22899.91 | E40: =+VLOOKUP(B40,'STORY DATA'!$B$4:$E$47,2,0) -> 3.2 | F40: {=+INDEX('STOREY SHEARS'!$B$9:$J$5758,MATCH($B40&$C40,'STOREY SHEARS'!$B$9:$B$5758&'STOREY SHEARS'!$C$9:$C$5758,0)+1,5)} -> 1056.4 | H40: {=+INDEX('Diaphram Drift'!$B$8:$J3343,MATCH(B40&O40,'Diaphram Drift'!$B$8:$B3343&'Diaphram Drift'!$D$8:$D3343,0),8)*E40*'4.5 Storey drift control'!$J$16} -> 0.0166944 | J40: =ABS((D40*H40)/(F40*E40)) -> 0.11309052 | L40: =IF(IF(J40>0.1,"SWAY","NO SWAY")="SWAY",IF(J40>0.3,"REVISE","SWAY"),"NO SWAY") -> SWAY | N40: CORSX1 | O40: CORSX1DL
B41: =+B40 -> 9TH FL | C41: CORSX1 MIN | D41: {=+INDEX('STOREY SHEARS'!$B$9:$J$4190,MATCH($B41&$C41,'STOREY SHEARS'!$B$9:$B$4190&'STOREY SHEARS'!$C$9:$C$4190,0)+1,4)} -> 22899.91 | E41: =+VLOOKUP(B41,'STORY DATA'!$B$4:$E$47,2,0) -> 3.2 | F41: {=+INDEX('STOREY SHEARS'!$B$9:$J$5758,MATCH($B41&$C41,'STOREY SHEARS'!$B$9:$B$5758&'STOREY SHEARS'!$C$9:$C$5758,0)+1,5)} -> -1056.4 | H41: {=+INDEX('Diaphram Drift'!$B$8:$J3344,MATCH(B41&O41,'Diaphram Drift'!$B$8:$B3344&'Diaphram Drift'!$D$8:$D3344,0),8)*E41*'4.5 Storey drift control'!$J$16} -> 0.0101728 | J41: =ABS((D41*H41)/(F41*E41)) -> 0.068912168 | L41: =IF(IF(J41>0.1,"SWAY","NO SWAY")="SWAY",IF(J41>0.3,"REVISE","SWAY"),"NO SWAY") -> NO SWAY | N41: CORSX1 | O41: CORSY1DL
B42: =+B41 -> 9TH FL | C42: CORSY1 MAX | D42: {=+INDEX('STOREY SHEARS'!$B$9:$J$4190,MATCH($B42&$C42,'STOREY SHEARS'!$B$9:$B$4190&'STOREY SHEARS'!$C$9:$C$4190,0)+1,4)} -> 22899.91 | E42: =+VLOOKUP(B42,'STORY DATA'!$B$4:$E$47,2,0) -> 3.2 | G42: {=+INDEX('STOREY SHEARS'!$B$9:$J$5758,MATCH($B42&$C42,'STOREY SHEARS'!$B$9:$B$5758&'STOREY SHEARS'!$C$9:$C$5758,0)+1,6)} -> 848.2 | I42: {=+INDEX('Diaphram Drift'!$B$8:$J3330,MATCH(B42&O42,'Diaphram Drift'!$B$8:$B3330&'Diaphram Drift'!$D$8:$D3330,0),8)*E42*'4.5 Storey drift control'!$J$16} -> 0.0166944 | K42: {=ABS((D42*I42)/(G42*E42))} -> 0.14084984 | M42: =IF(IF(K42>0.1,"SWAY","NO SWAY")="SWAY",IF(K42>0.3,"REVISE","SWAY"),"NO SWAY") -> SWAY | N42: CORSY1 | O42: CORSX1DL
B43: =+B42 -> 9TH FL | C43: CORSY1 MIN | D43: {=+INDEX('STOREY SHEARS'!$B$9:$J$4190,MATCH($B43&$C43,'STOREY SHEARS'!$B$9:$B$4190&'STOREY SHEARS'!$C$9:$C$4190,0)+1,4)} -> 22899.91 | E43: =+VLOOKUP(B43,'STORY DATA'!$B$4:$E$47,2,0) -> 3.2 | G43: {=+INDEX('STOREY SHEARS'!$B$9:$J$5758,MATCH($B43&$C43,'STOREY SHEARS'!$B$9:$B$5758&'STOREY SHEARS'!$C$9:$C$5758,0)+1,6)} -> -848.2 | I43: {=+INDEX('Diaphram Drift'!$B$8:$J3331,MATCH(B43&O43,'Diaphram Drift'!$B$8:$B3331&'Diaphram Drift'!$D$8:$D3331,0),8)*E43*'4.5 Storey drift control'!$J$16} -> 0.0101728 | K43: {=ABS((D43*I43)/(G43*E43))} -> 0.085827416 | M43: =IF(IF(K43>0.1,"SWAY","NO SWAY")="SWAY",IF(K43>0.3,"REVISE","SWAY"),"NO SWAY") -> NO SWAY | N43: CORSY1 | O43: CORSY1DL
B44: {=INDEX('STORY DATA'!$B$4:$E94,MATCH($B40,'STORY DATA'!$B$4:$B94,0)+1,1)} -> 8TH FL | C44: CORSX1 MAX | D44: {=+INDEX('STOREY SHEARS'!$B$9:$J$4190,MATCH($B44&$C44,'STOREY SHEARS'!$B$9:$B$4190&'STOREY SHEARS'!$C$9:$C$4190,0)+1,4)} -> 30190.03 | E44: =+VLOOKUP(B44,'STORY DATA'!$B$4:$E$47,2,0) -> 3.2 | F44: {=+INDEX('STOREY SHEARS'!$B$9:$J$5758,MATCH($B44&$C44,'STOREY SHEARS'!$B$9:$B$5758&'STOREY SHEARS'!$C$9:$C$5758,0)+1,5)} -> 1204.42 | H44: {=+INDEX('Diaphram Drift'!$B$8:$J3347,MATCH(B44&O44,'Diaphram Drift'!$B$8:$B3347&'Diaphram Drift'!$D$8:$D3347,0),8)*E44*'4.5 Storey drift control'!$J$16} -> 0.0181536 | J44: =ABS((D44*H44)/(F44*E44)) -> 0.1421996 | L44: =IF(IF(J44>0.1,"SWAY","NO SWAY")="SWAY",IF(J44>0.3,"REVISE","SWAY"),"NO SWAY") -> SWAY | N44: CORSX1 | O44: CORSX1DL
B45: =+B44 -> 8TH FL | C45: CORSX1 MIN | D45: {=+INDEX('STOREY SHEARS'!$B$9:$J$4190,MATCH($B45&$C45,'STOREY SHEARS'!$B$9:$B$4190&'STOREY SHEARS'!$C$9:$C$4190,0)+1,4)} -> 30190.03 | E45: =+VLOOKUP(B45,'STORY DATA'!$B$4:$E$47,2,0) -> 3.2 | F45: {=+INDEX('STOREY SHEARS'!$B$9:$J$5758,MATCH($B45&$C45,'STOREY SHEARS'!$B$9:$B$5758&'STOREY SHEARS'!$C$9:$C$5758,0)+1,5)} -> -1204.42 | H45: {=+INDEX('Diaphram Drift'!$B$8:$J3348,MATCH(B45&O45,'Diaphram Drift'!$B$8:$B3348&'Diaphram Drift'!$D$8:$D3348,0),8)*E45*'4.5 Storey drift control'!$J$16} -> 0.0112096 | J45: =ABS((D45*H45)/(F45*E45)) -> 0.087806309 | L45: =IF(IF(J45>0.1,"SWAY","NO SWAY")="SWAY",IF(J45>0.3,"REVISE","SWAY"),"NO SWAY") -> NO SWAY | N45: CORSX1 | O45: CORSY1DL
B46: =+B45 -> 8TH FL | C46: CORSY1 MAX | D46: {=+INDEX('STOREY SHEARS'!$B$9:$J$4190,MATCH($B46&$C46,'STOREY SHEARS'!$B$9:$B$4190&'STOREY SHEARS'!$C$9:$C$4190,0)+1,4)} -> 30190.03 | E46: =+VLOOKUP(B46,'STORY DATA'!$B$4:$E$47,2,0) -> 3.2 | G46: {=+INDEX('STOREY SHEARS'!$B$9:$J$5758,MATCH($B46&$C46,'STOREY SHEARS'!$B$9:$B$5758&'STOREY SHEARS'!$C$9:$C$5758,0)+1,6)} -> 976.37 | I46: {=+INDEX('Diaphram Drift'!$B$8:$J3334,MATCH(B46&O46,'Diaphram Drift'!$B$8:$B3334&'Diaphram Drift'!$D$8:$D3334,0),8)*E46*'4.5 Storey drift control'!$J$16} -> 0.0181536 | K46: {=ABS((D46*I46)/(G46*E46))} -> 0.17541305 | M46: =IF(IF(K46>0.1,"SWAY","NO SWAY")="SWAY",IF(K46>0.3,"REVISE","SWAY"),"NO SWAY") -> SWAY | N46: CORSY1 | O46: CORSX1DL
B47: =+B46 -> 8TH FL | C47: CORSY1 MIN | D47: {=+INDEX('STOREY SHEARS'!$B$9:$J$4190,MATCH($B47&$C47,'STOREY SHEARS'!$B$9:$B$4190&'STOREY SHEARS'!$C$9:$C$4190,0)+1,4)} -> 30190.03 | E47: =+VLOOKUP(B47,'STORY DATA'!$B$4:$E$47,2,0) -> 3.2 | G47: {=+INDEX('STOREY SHEARS'!$B$9:$J$5758,MATCH($B47&$C47,'STOREY SHEARS'!$B$9:$B$5758&'STOREY SHEARS'!$C$9:$C$5758,0)+1,6)} -> -976.37 | I47: {=+INDEX('Diaphram Drift'!$B$8:$J3335,MATCH(B47&O47,'Diaphram Drift'!$B$8:$B3335&'Diaphram Drift'!$D$8:$D3335,0),8)*E47*'4.5 Storey drift control'!$J$16} -> 0.0112096 | K47: {=ABS((D47*I47)/(G47*E47))} -> 0.10831516 | M47: =IF(IF(K47>0.1,"SWAY","NO SWAY")="SWAY",IF(K47>0.3,"REVISE","SWAY"),"NO SWAY") -> SWAY | N47: CORSY1 | O47: CORSY1DL
B48: {=INDEX('STORY DATA'!$B$4:$E98,MATCH($B44,'STORY DATA'!$B$4:$B98,0)+1,1)} -> 7TH FL | C48: CORSX1 MAX | D48: {=+INDEX('STOREY SHEARS'!$B$9:$J$4190,MATCH($B48&$C48,'STOREY SHEARS'!$B$9:$B$4190&'STOREY SHEARS'!$C$9:$C$4190,0)+1,4)} -> 37480.15 | E48: =+VLOOKUP(B48,'STORY DATA'!$B$4:$E$47,2,0) -> 3.2 | F48: {=+INDEX('STOREY SHEARS'!$B$9:$J$5758,MATCH($B48&$C48,'STOREY SHEARS'!$B$9:$B$5758&'STOREY SHEARS'!$C$9:$C$5758,0)+1,5)} -> 1354.04 | H48: {=+INDEX('Diaphram Drift'!$B$8:$J3351,MATCH(B48&O48,'Diaphram Drift'!$B$8:$B3351&'Diaphram Drift'!$D$8:$D3351,0),8)*E48*'4.5 Storey drift control'!$J$16} -> 0.0191104 | J48: =ABS((D48*H48)/(F48*E48)) -> 0.16530638 | L48: =IF(IF(J48>0.1,"SWAY","NO SWAY")="SWAY",IF(J48>0.3,"REVISE","SWAY"),"NO SWAY") -> SWAY | N48: CORSX1 | O48: CORSX1DL
B49: =+B48 -> 7TH FL | C49: CORSX1 MIN | D49: {=+INDEX('STOREY SHEARS'!$B$9:$J$4190,MATCH($B49&$C49,'STOREY SHEARS'!$B$9:$B$4190&'STOREY SHEARS'!$C$9:$C$4190,0)+1,4)} -> 37480.15 | E49: =+VLOOKUP(B49,'STORY DATA'!$B$4:$E$47,2,0) -> 3.2 | F49: {=+INDEX('STOREY SHEARS'!$B$9:$J$5758,MATCH($B49&$C49,'STOREY SHEARS'!$B$9:$B$5758&'STOREY SHEARS'!$C$9:$C$5758,0)+1,5)} -> -1354.04 | H49: {=+INDEX('Diaphram Drift'!$B$8:$J3352,MATCH(B49&O49,'Diaphram Drift'!$B$8:$B3352&'Diaphram Drift'!$D$8:$D3352,0),8)*E49*'4.5 Storey drift control'!$J$16} -> 0.0119104 | J49: =ABS((D49*H49)/(F49*E49)) -> 0.10302585 | L49: =IF(IF(J49>0.1,"SWAY","NO SWAY")="SWAY",IF(J49>0.3,"REVISE","SWAY"),"NO SWAY") -> SWAY | N49: CORSX1 | O49: CORSY1DL
B50: =+B49 -> 7TH FL | C50: CORSY1 MAX | D50: {=+INDEX('STOREY SHEARS'!$B$9:$J$4190,MATCH($B50&$C50,'STOREY SHEARS'!$B$9:$B$4190&'STOREY SHEARS'!$C$9:$C$4190,0)+1,4)} -> 37480.15 | E50: =+VLOOKUP(B50,'STORY DATA'!$B$4:$E$47,2,0) -> 3.2 | G50: {=+INDEX('STOREY SHEARS'!$B$9:$J$5758,MATCH($B50&$C50,'STOREY SHEARS'!$B$9:$B$5758&'STOREY SHEARS'!$C$9:$C$5758,0)+1,6)} -> 1098.67 | I50: {=+INDEX('Diaphram Drift'!$B$8:$J3338,MATCH(B50&O50,'Diaphram Drift'!$B$8:$B3338&'Diaphram Drift'!$D$8:$D3338,0),8)*E50*'4.5 Storey drift control'!$J$16} -> 0.0191104 | K50: {=ABS((D50*I50)/(G50*E50))} -> 0.20372947 | M50: =IF(IF(K50>0.1,"SWAY","NO SWAY")="SWAY",IF(K50>0.3,"REVISE","SWAY"),"NO SWAY") -> SWAY | N50: CORSY1 | O50: CORSX1DL
B51: =+B50 -> 7TH FL | C51: CORSY1 MIN | D51: {=+INDEX('STOREY SHEARS'!$B$9:$J$4190,MATCH($B51&$C51,'STOREY SHEARS'!$B$9:$B$4190&'STOREY SHEARS'!$C$9:$C$4190,0)+1,4)} -> 37480.15 | E51: =+VLOOKUP(B51,'STORY DATA'!$B$4:$E$47,2,0) -> 3.2 | G51: {=+INDEX('STOREY SHEARS'!$B$9:$J$5758,MATCH($B51&$C51,'STOREY SHEARS'!$B$9:$B$5758&'STOREY SHEARS'!$C$9:$C$5758,0)+1,6)} -> -1098.67 | I51: {=+INDEX('Diaphram Drift'!$B$8:$J3339,MATCH(B51&O51,'Diaphram Drift'!$B$8:$B3339&'Diaphram Drift'!$D$8:$D3339,0),8)*E51*'4.5 Storey drift control'!$J$16} -> 0.0119104 | K51: {=ABS((D51*I51)/(G51*E51))} -> 0.12697272 | M51: =IF(IF(K51>0.1,"SWAY","NO SWAY")="SWAY",IF(K51>0.3,"REVISE","SWAY"),"NO SWAY") -> SWAY | N51: CORSY1 | O51: CORSY1DL
B52: {=INDEX('STORY DATA'!$B$4:$E102,MATCH($B48,'STORY DATA'!$B$4:$B102,0)+1,1)} -> 6TH FL | C52: CORSX1 MAX | D52: {=+INDEX('STOREY SHEARS'!$B$9:$J$4190,MATCH($B52&$C52,'STOREY SHEARS'!$B$9:$B$4190&'STOREY SHEARS'!$C$9:$C$4190,0)+1,4)} -> 44879.92 | E52: =+VLOOKUP(B52,'STORY DATA'!$B$4:$E$47,2,0) -> 3.2 | F52: {=+INDEX('STOREY SHEARS'!$B$9:$J$5758,MATCH($B52&$C52,'STOREY SHEARS'!$B$9:$B$5758&'STOREY SHEARS'!$C$9:$C$5758,0)+1,5)} -> 1492.49 | H52: {=+INDEX('Diaphram Drift'!$B$8:$J3355,MATCH(B52&O52,'Diaphram Drift'!$B$8:$B3355&'Diaphram Drift'!$D$8:$D3355,0),8)*E52*'4.5 Storey drift control'!$J$16} -> 0.0194144 | J52: =ABS((D52*H52)/(F52*E52)) -> 0.18243772 | L52: =IF(IF(J52>0.1,"SWAY","NO SWAY")="SWAY",IF(J52>0.3,"REVISE","SWAY"),"NO SWAY") -> SWAY | N52: CORSX1 | O52: CORSX1DL
B53: =+B52 -> 6TH FL | C53: CORSX1 MIN | D53: {=+INDEX('STOREY SHEARS'!$B$9:$J$4190,MATCH($B53&$C53,'STOREY SHEARS'!$B$9:$B$4190&'STOREY SHEARS'!$C$9:$C$4190,0)+1,4)} -> 44879.92 | E53: =+VLOOKUP(B53,'STORY DATA'!$B$4:$E$47,2,0) -> 3.2 | F53: {=+INDEX('STOREY SHEARS'!$B$9:$J$5758,MATCH($B53&$C53,'STOREY SHEARS'!$B$9:$B$5758&'STOREY SHEARS'!$C$9:$C$5758,0)+1,5)} -> -1492.49 | H53: {=+INDEX('Diaphram Drift'!$B$8:$J3356,MATCH(B53&O53,'Diaphram Drift'!$B$8:$B3356&'Diaphram Drift'!$D$8:$D3356,0),8)*E53*'4.5 Storey drift control'!$J$16} -> 0.012144 | J53: =ABS((D53*H53)/(F53*E53)) -> 0.11411755 | L53: =IF(IF(J53>0.1,"SWAY","NO SWAY")="SWAY",IF(J53>0.3,"REVISE","SWAY"),"NO SWAY") -> SWAY | N53: CORSX1 | O53: CORSY1DL
B54: =+B53 -> 6TH FL | C54: CORSY1 MAX | D54: {=+INDEX('STOREY SHEARS'!$B$9:$J$4190,MATCH($B54&$C54,'STOREY SHEARS'!$B$9:$B$4190&'STOREY SHEARS'!$C$9:$C$4190,0)+1,4)} -> 44879.92 | E54: =+VLOOKUP(B54,'STORY DATA'!$B$4:$E$47,2,0) -> 3.2 | G54: {=+INDEX('STOREY SHEARS'!$B$9:$J$5758,MATCH($B54&$C54,'STOREY SHEARS'!$B$9:$B$5758&'STOREY SHEARS'!$C$9:$C$5758,0)+1,6)} -> 1209.76 | I54: {=+INDEX('Diaphram Drift'!$B$8:$J3342,MATCH(B54&O54,'Diaphram Drift'!$B$8:$B3342&'Diaphram Drift'!$D$8:$D3342,0),8)*E54*'4.5 Storey drift control'!$J$16} -> 0.0194144 | K54: {=ABS((D54*I54)/(G54*E54))} -> 0.22507479 | M54: =IF(IF(K54>0.1,"SWAY","NO SWAY")="SWAY",IF(K54>0.3,"REVISE","SWAY"),"NO SWAY") -> SWAY | N54: CORSY1 | O54: CORSX1DL
B55: =+B54 -> 6TH FL | C55: CORSY1 MIN | D55: {=+INDEX('STOREY SHEARS'!$B$9:$J$4190,MATCH($B55&$C55,'STOREY SHEARS'!$B$9:$B$4190&'STOREY SHEARS'!$C$9:$C$4190,0)+1,4)} -> 44879.92 | E55: =+VLOOKUP(B55,'STORY DATA'!$B$4:$E$47,2,0) -> 3.2 | G55: {=+INDEX('STOREY SHEARS'!$B$9:$J$5758,MATCH($B55&$C55,'STOREY SHEARS'!$B$9:$B$5758&'STOREY SHEARS'!$C$9:$C$5758,0)+1,6)} -> -1209.76 | I55: {=+INDEX('Diaphram Drift'!$B$8:$J3343,MATCH(B55&O55,'Diaphram Drift'!$B$8:$B3343&'Diaphram Drift'!$D$8:$D3343,0),8)*E55*'4.5 Storey drift control'!$J$16} -> 0.012144 | K55: {=ABS((D55*I55)/(G55*E55))} -> 0.14078767 | M55: =IF(IF(K55>0.1,"SWAY","NO SWAY")="SWAY",IF(K55>0.3,"REVISE","SWAY"),"NO SWAY") -> SWAY | N55: CORSY1 | O55: CORSY1DL
B56: {=INDEX('STORY DATA'!$B$4:$E106,MATCH($B52,'STORY DATA'!$B$4:$B106,0)+1,1)} -> 5TH FL | C56: CORSX1 MAX | D56: {=+INDEX('STOREY SHEARS'!$B$9:$J$4190,MATCH($B56&$C56,'STOREY SHEARS'!$B$9:$B$4190&'STOREY SHEARS'!$C$9:$C$4190,0)+1,4)} -> 52308.59 | E56: =+VLOOKUP(B56,'STORY DATA'!$B$4:$E$47,2,0) -> 3.2 | F56: {=+INDEX('STOREY SHEARS'!$B$9:$J$5758,MATCH($B56&$C56,'STOREY SHEARS'!$B$9:$B$5758&'STOREY SHEARS'!$C$9:$C$5758,0)+1,5)} -> 1622.03 | H56: {=+INDEX('Diaphram Drift'!$B$8:$J3359,MATCH(B56&O56,'Diaphram Drift'!$B$8:$B3359&'Diaphram Drift'!$D$8:$D3359,0),8)*E56*'4.5 Storey drift control'!$J$16} -> 0.019536 | J56: =ABS((D56*H56)/(F56*E56)) -> 0.19687918 | L56: =IF(IF(J56>0.1,"SWAY","NO SWAY")="SWAY",IF(J56>0.3,"REVISE","SWAY"),"NO SWAY") -> SWAY | N56: CORSX1 | O56: CORSX1DL
B57: =+B56 -> 5TH FL | C57: CORSX1 MIN | D57: {=+INDEX('STOREY SHEARS'!$B$9:$J$4190,MATCH($B57&$C57,'STOREY SHEARS'!$B$9:$B$4190&'STOREY SHEARS'!$C$9:$C$4190,0)+1,4)} -> 52308.59 | E57: =+VLOOKUP(B57,'STORY DATA'!$B$4:$E$47,2,0) -> 3.2 | F57: {=+INDEX('STOREY SHEARS'!$B$9:$J$5758,MATCH($B57&$C57,'STOREY SHEARS'!$B$9:$B$5758&'STOREY SHEARS'!$C$9:$C$5758,0)+1,5)} -> -1622.03 | H57: {=+INDEX('Diaphram Drift'!$B$8:$J3360,MATCH(B57&O57,'Diaphram Drift'!$B$8:$B3360&'Diaphram Drift'!$D$8:$D3360,0),8)*E57*'4.5 Storey drift control'!$J$16} -> 0.0122272 | J57: =ABS((D57*H57)/(F57*E57)) -> 0.12322283 | L57: =IF(IF(J57>0.1,"SWAY","NO SWAY")="SWAY",IF(J57>0.3,"REVISE","SWAY"),"NO SWAY") -> SWAY | N57: CORSX1 | O57: CORSY1DL
B58: =+B57 -> 5TH FL | C58: CORSY1 MAX | D58: {=+INDEX('STOREY SHEARS'!$B$9:$J$4190,MATCH($B58&$C58,'STOREY SHEARS'!$B$9:$B$4190&'STOREY SHEARS'!$C$9:$C$4190,0)+1,4)} -> 52308.59 | E58: =+VLOOKUP(B58,'STORY DATA'!$B$4:$E$47,2,0) -> 3.2 | G58: {=+INDEX('STOREY SHEARS'!$B$9:$J$5758,MATCH($B58&$C58,'STOREY SHEARS'!$B$9:$B$5758&'STOREY SHEARS'!$C$9:$C$5758,0)+1,6)} -> 1305.69 | I58: {=+INDEX('Diaphram Drift'!$B$8:$J3346,MATCH(B58&O58,'Diaphram Drift'!$B$8:$B3346&'Diaphram Drift'!$D$8:$D3346,0),8)*E58*'4.5 Storey drift control'!$J$16} -> 0.019536 | K58: {=ABS((D58*I58)/(G58*E58))} -> 0.24457868 | M58: =IF(IF(K58>0.1,"SWAY","NO SWAY")="SWAY",IF(K58>0.3,"REVISE","SWAY"),"NO SWAY") -> SWAY | N58: CORSY1 | O58: CORSX1DL
B59: =+B58 -> 5TH FL | C59: CORSY1 MIN | D59: {=+INDEX('STOREY SHEARS'!$B$9:$J$4190,MATCH($B59&$C59,'STOREY SHEARS'!$B$9:$B$4190&'STOREY SHEARS'!$C$9:$C$4190,0)+1,4)} -> 52308.59 | E59: =+VLOOKUP(B59,'STORY DATA'!$B$4:$E$47,2,0) -> 3.2 | G59: {=+INDEX('STOREY SHEARS'!$B$9:$J$5758,MATCH($B59&$C59,'STOREY SHEARS'!$B$9:$B$5758&'STOREY SHEARS'!$C$9:$C$5758,0)+1,6)} -> -1305.69 | I59: {=+INDEX('Diaphram Drift'!$B$8:$J3347,MATCH(B59&O59,'Diaphram Drift'!$B$8:$B3347&'Diaphram Drift'!$D$8:$D3347,0),8)*E59*'4.5 Storey drift control'!$J$16} -> 0.0122272 | K59: {=ABS((D59*I59)/(G59*E59))} -> 0.15307701 | M59: =IF(IF(K59>0.1,"SWAY","NO SWAY")="SWAY",IF(K59>0.3,"REVISE","SWAY"),"NO SWAY") -> SWAY | N59: CORSY1 | O59: CORSY1DL
B60: {=INDEX('STORY DATA'!$B$4:$E110,MATCH($B56,'STORY DATA'!$B$4:$B110,0)+1,1)} -> 4TH FL | C60: CORSX1 MAX | D60: {=+INDEX('STOREY SHEARS'!$B$9:$J$4190,MATCH($B60&$C60,'STOREY SHEARS'!$B$9:$B$4190&'STOREY SHEARS'!$C$9:$C$4190,0)+1,4)} -> 59851.58 | E60: =+VLOOKUP(B60,'STORY DATA'!$B$4:$E$47,2,0) -> 3.2 | F60: {=+INDEX('STOREY SHEARS'!$B$9:$J$5758,MATCH($B60&$C60,'STOREY SHEARS'!$B$9:$B$5758&'STOREY SHEARS'!$C$9:$C$5758,0)+1,5)} -> 1750.57 | H60: {=+INDEX('Diaphram Drift'!$B$8:$J3363,MATCH(B60&O60,'Diaphram Drift'!$B$8:$B3363&'Diaphram Drift'!$D$8:$D3363,0),8)*E60*'4.5 Storey drift control'!$J$16} -> 0.0191616 | J60: =ABS((D60*H60)/(F60*E60)) -> 0.20472832 | L60: =IF(IF(J60>0.1,"SWAY","NO SWAY")="SWAY",IF(J60>0.3,"REVISE","SWAY"),"NO SWAY") -> SWAY | N60: CORSX1 | O60: CORSX1DL
B61: =+B60 -> 4TH FL | C61: CORSX1 MIN | D61: {=+INDEX('STOREY SHEARS'!$B$9:$J$4190,MATCH($B61&$C61,'STOREY SHEARS'!$B$9:$B$4190&'STOREY SHEARS'!$C$9:$C$4190,0)+1,4)} -> 59851.58 | E61: =+VLOOKUP(B61,'STORY DATA'!$B$4:$E$47,2,0) -> 3.2 | F61: {=+INDEX('STOREY SHEARS'!$B$9:$J$5758,MATCH($B61&$C61,'STOREY SHEARS'!$B$9:$B$5758&'STOREY SHEARS'!$C$9:$C$5758,0)+1,5)} -> -1750.57 | H61: {=+INDEX('Diaphram Drift'!$B$8:$J3364,MATCH(B61&O61,'Diaphram Drift'!$B$8:$B3364&'Diaphram Drift'!$D$8:$D3364,0),8)*E61*'4.5 Storey drift control'!$J$16} -> 0.0119296 | J61: =ABS((D61*H61)/(F61*E61)) -> 0.12745945 | L61: =IF(IF(J61>0.1,"SWAY","NO SWAY")="SWAY",IF(J61>0.3,"REVISE","SWAY"),"NO SWAY") -> SWAY | N61: CORSX1 | O61: CORSY1DL
B62: =+B61 -> 4TH FL | C62: CORSY1 MAX | D62: {=+INDEX('STOREY SHEARS'!$B$9:$J$4190,MATCH($B62&$C62,'STOREY SHEARS'!$B$9:$B$4190&'STOREY SHEARS'!$C$9:$C$4190,0)+1,4)} -> 59851.58 | E62: =+VLOOKUP(B62,'STORY DATA'!$B$4:$E$47,2,0) -> 3.2 | G62: {=+INDEX('STOREY SHEARS'!$B$9:$J$5758,MATCH($B62&$C62,'STOREY SHEARS'!$B$9:$B$5758&'STOREY SHEARS'!$C$9:$C$5758,0)+1,6)} -> 1390.69 | I62: {=+INDEX('Diaphram Drift'!$B$8:$J3350,MATCH(B62&O62,'Diaphram Drift'!$B$8:$B3350&'Diaphram Drift'!$D$8:$D3350,0),8)*E62*'4.5 Storey drift control'!$J$16} -> 0.0191616 | K62: {=ABS((D62*I62)/(G62*E62))} -> 0.25770751 | M62: =IF(IF(K62>0.1,"SWAY","NO SWAY")="SWAY",IF(K62>0.3,"REVISE","SWAY"),"NO SWAY") -> SWAY | N62: CORSY1 | O62: CORSX1DL
B63: =+B62 -> 4TH FL | C63: CORSY1 MIN | D63: {=+INDEX('STOREY SHEARS'!$B$9:$J$4190,MATCH($B63&$C63,'STOREY SHEARS'!$B$9:$B$4190&'STOREY SHEARS'!$C$9:$C$4190,0)+1,4)} -> 59851.58 | E63: =+VLOOKUP(B63,'STORY DATA'!$B$4:$E$47,2,0) -> 3.2 | G63: {=+INDEX('STOREY SHEARS'!$B$9:$J$5758,MATCH($B63&$C63,'STOREY SHEARS'!$B$9:$B$5758&'STOREY SHEARS'!$C$9:$C$5758,0)+1,6)} -> -1390.69 | I63: {=+INDEX('Diaphram Drift'!$B$8:$J3351,MATCH(B63&O63,'Diaphram Drift'!$B$8:$B3351&'Diaphram Drift'!$D$8:$D3351,0),8)*E63*'4.5 Storey drift control'!$J$16} -> 0.0119296 | K63: {=ABS((D63*I63)/(G63*E63))} -> 0.16044315 | M63: =IF(IF(K63>0.1,"SWAY","NO SWAY")="SWAY",IF(K63>0.3,"REVISE","SWAY"),"NO SWAY") -> SWAY | N63: CORSY1 | O63: CORSY1DL
B64: {=INDEX('STORY DATA'!$B$4:$E114,MATCH($B60,'STORY DATA'!$B$4:$B114,0)+1,1)} -> 3RD FL | C64: CORSX1 MAX | D64: {=+INDEX('STOREY SHEARS'!$B$9:$J$4190,MATCH($B64&$C64,'STOREY SHEARS'!$B$9:$B$4190&'STOREY SHEARS'!$C$9:$C$4190,0)+1,4)} -> 67394.57 | E64: =+VLOOKUP(B64,'STORY DATA'!$B$4:$E$47,2,0) -> 3.2 | F64: {=+INDEX('STOREY SHEARS'!$B$9:$J$5758,MATCH($B64&$C64,'STOREY SHEARS'!$B$9:$B$5758&'STOREY SHEARS'!$C$9:$C$5758,0)+1,5)} -> 1893.17 | H64: {=+INDEX('Diaphram Drift'!$B$8:$J3367,MATCH(B64&O64,'Diaphram Drift'!$B$8:$B3367&'Diaphram Drift'!$D$8:$D3367,0),8)*E64*'4.5 Storey drift control'!$J$16} -> 0.0177312 | J64: =ABS((D64*H64)/(F64*E64)) -> 0.19725292 | L64: =IF(IF(J64>0.1,"SWAY","NO SWAY")="SWAY",IF(J64>0.3,"REVISE","SWAY"),"NO SWAY") -> SWAY | N64: CORSX1 | O64: CORSX1DL
B65: =+B64 -> 3RD FL | C65: CORSX1 MIN | D65: {=+INDEX('STOREY SHEARS'!$B$9:$J$4190,MATCH($B65&$C65,'STOREY SHEARS'!$B$9:$B$4190&'STOREY SHEARS'!$C$9:$C$4190,0)+1,4)} -> 67394.57 | E65: =+VLOOKUP(B65,'STORY DATA'!$B$4:$E$47,2,0) -> 3.2 | F65: {=+INDEX('STOREY SHEARS'!$B$9:$J$5758,MATCH($B65&$C65,'STOREY SHEARS'!$B$9:$B$5758&'STOREY SHEARS'!$C$9:$C$5758,0)+1,5)} -> -1893.17 | H65: {=+INDEX('Diaphram Drift'!$B$8:$J3368,MATCH(B65&O65,'Diaphram Drift'!$B$8:$B3368&'Diaphram Drift'!$D$8:$D3368,0),8)*E65*'4.5 Storey drift control'!$J$16} -> 0.0109856 | J65: =ABS((D65*H65)/(F65*E65)) -> 0.12221066 | L65: =IF(IF(J65>0.1,"SWAY","NO SWAY")="SWAY",IF(J65>0.3,"REVISE","SWAY"),"NO SWAY") -> SWAY | N65: CORSX1 | O65: CORSY1DL
B66: =+B65 -> 3RD FL | C66: CORSY1 MAX | D66: {=+INDEX('STOREY SHEARS'!$B$9:$J$4190,MATCH($B66&$C66,'STOREY SHEARS'!$B$9:$B$4190&'STOREY SHEARS'!$C$9:$C$4190,0)+1,4)} -> 67394.57 | E66: =+VLOOKUP(B66,'STORY DATA'!$B$4:$E$47,2,0) -> 3.2 | G66: {=+INDEX('STOREY SHEARS'!$B$9:$J$5758,MATCH($B66&$C66,'STOREY SHEARS'!$B$9:$B$5758&'STOREY SHEARS'!$C$9:$C$5758,0)+1,6)} -> 1480.44 | I66: {=+INDEX('Diaphram Drift'!$B$8:$J3354,MATCH(B66&O66,'Diaphram Drift'!$B$8:$B3354&'Diaphram Drift'!$D$8:$D3354,0),8)*E66*'4.5 Storey drift control'!$J$16} -> 0.0177312 | K66: {=ABS((D66*I66)/(G66*E66))} -> 0.25224481 | M66: =IF(IF(K66>0.1,"SWAY","NO SWAY")="SWAY",IF(K66>0.3,"REVISE","SWAY"),"NO SWAY") -> SWAY | N66: CORSY1 | O66: CORSX1DL
B67: =+B66 -> 3RD FL | C67: CORSY1 MIN | D67: {=+INDEX('STOREY SHEARS'!$B$9:$J$4190,MATCH($B67&$C67,'STOREY SHEARS'!$B$9:$B$4190&'STOREY SHEARS'!$C$9:$C$4190,0)+1,4)} -> 67394.57 | E67: =+VLOOKUP(B67,'STORY DATA'!$B$4:$E$47,2,0) -> 3.2 | G67: {=+INDEX('STOREY SHEARS'!$B$9:$J$5758,MATCH($B67&$C67,'STOREY SHEARS'!$B$9:$B$5758&'STOREY SHEARS'!$C$9:$C$5758,0)+1,6)} -> -1480.44 | I67: {=+INDEX('Diaphram Drift'!$B$8:$J3355,MATCH(B67&O67,'Diaphram Drift'!$B$8:$B3355&'Diaphram Drift'!$D$8:$D3355,0),8)*E67*'4.5 Storey drift control'!$J$16} -> 0.0109856 | K67: {=ABS((D67*I67)/(G67*E67))} -> 0.15628162 | M67: =IF(IF(K67>0.1,"SWAY","NO SWAY")="SWAY",IF(K67>0.3,"REVISE","SWAY"),"NO SWAY") -> SWAY | N67: CORSY1 | O67: CORSY1DL
B68: {=INDEX('STORY DATA'!$B$4:$E118,MATCH($B64,'STORY DATA'!$B$4:$B118,0)+1,1)} -> 2ND FL | C68: CORSX1 MAX | D68: {=+INDEX('STOREY SHEARS'!$B$9:$J$4190,MATCH($B68&$C68,'STOREY SHEARS'!$B$9:$B$4190&'STOREY SHEARS'!$C$9:$C$4190,0)+1,4)} -> 75064.43 | E68: =+VLOOKUP(B68,'STORY DATA'!$B$4:$E$47,2,0) -> 3.2 | F68: {=+INDEX('STOREY SHEARS'!$B$9:$J$5758,MATCH($B68&$C68,'STOREY SHEARS'!$B$9:$B$5758&'STOREY SHEARS'!$C$9:$C$5758,0)+1,5)} -> 2051.67 | H68: {=+INDEX('Diaphram Drift'!$B$8:$J3371,MATCH(B68&O68,'Diaphram Drift'!$B$8:$B3371&'Diaphram Drift'!$D$8:$D3371,0),8)*E68*'4.5 Storey drift control'!$J$16} -> 0.0143392 | J68: =ABS((D68*H68)/(F68*E68)) -> 0.1639463 | L68: =IF(IF(J68>0.1,"SWAY","NO SWAY")="SWAY",IF(J68>0.3,"REVISE","SWAY"),"NO SWAY") -> SWAY | N68: CORSX1 | O68: CORSX1DL
B69: =+B68 -> 2ND FL | C69: CORSX1 MIN | D69: {=+INDEX('STOREY SHEARS'!$B$9:$J$4190,MATCH($B69&$C69,'STOREY SHEARS'!$B$9:$B$4190&'STOREY SHEARS'!$C$9:$C$4190,0)+1,4)} -> 75064.43 | E69: =+VLOOKUP(B69,'STORY DATA'!$B$4:$E$47,2,0) -> 3.2 | F69: {=+INDEX('STOREY SHEARS'!$B$9:$J$5758,MATCH($B69&$C69,'STOREY SHEARS'!$B$9:$B$5758&'STOREY SHEARS'!$C$9:$C$5758,0)+1,5)} -> -2051.67 | H69: {=+INDEX('Diaphram Drift'!$B$8:$J3372,MATCH(B69&O69,'Diaphram Drift'!$B$8:$B3372&'Diaphram Drift'!$D$8:$D3372,0),8)*E69*'4.5 Storey drift control'!$J$16} -> 0.0088416 | J69: =ABS((D69*H69)/(F69*E69)) -> 0.10108985 | L69: =IF(IF(J69>0.1,"SWAY","NO SWAY")="SWAY",IF(J69>0.3,"REVISE","SWAY"),"NO SWAY") -> SWAY | N69: CORSX1 | O69: CORSY1DL
B70: =+B69 -> 2ND FL | C70: CORSY1 MAX | D70: {=+INDEX('STOREY SHEARS'!$B$9:$J$4190,MATCH($B70&$C70,'STOREY SHEARS'!$B$9:$B$4190&'STOREY SHEARS'!$C$9:$C$4190,0)+1,4)} -> 75064.43 | E70: =+VLOOKUP(B70,'STORY DATA'!$B$4:$E$47,2,0) -> 3.2 | G70: {=+INDEX('STOREY SHEARS'!$B$9:$J$5758,MATCH($B70&$C70,'STOREY SHEARS'!$B$9:$B$5758&'STOREY SHEARS'!$C$9:$C$5758,0)+1,6)} -> 1579.41 | I70: {=+INDEX('Diaphram Drift'!$B$8:$J3358,MATCH(B70&O70,'Diaphram Drift'!$B$8:$B3358&'Diaphram Drift'!$D$8:$D3358,0),8)*E70*'4.5 Storey drift control'!$J$16} -> 0.0143392 | K70: {=ABS((D70*I70)/(G70*E70))} -> 0.21296795 | M70: =IF(IF(K70>0.1,"SWAY","NO SWAY")="SWAY",IF(K70>0.3,"REVISE","SWAY"),"NO SWAY") -> SWAY | N70: CORSY1 | O70: CORSX1DL
B71: =+B70 -> 2ND FL | C71: CORSY1 MIN | D71: {=+INDEX('STOREY SHEARS'!$B$9:$J$4190,MATCH($B71&$C71,'STOREY SHEARS'!$B$9:$B$4190&'STOREY SHEARS'!$C$9:$C$4190,0)+1,4)} -> 75064.43 | E71: =+VLOOKUP(B71,'STORY DATA'!$B$4:$E$47,2,0) -> 3.2 | G71: {=+INDEX('STOREY SHEARS'!$B$9:$J$5758,MATCH($B71&$C71,'STOREY SHEARS'!$B$9:$B$5758&'STOREY SHEARS'!$C$9:$C$5758,0)+1,6)} -> -1579.41 | I71: {=+INDEX('Diaphram Drift'!$B$8:$J3359,MATCH(B71&O71,'Diaphram Drift'!$B$8:$B3359&'Diaphram Drift'!$D$8:$D3359,0),8)*E71*'4.5 Storey drift control'!$J$16} -> 0.0088416 | K71: {=ABS((D71*I71)/(G71*E71))} -> 0.13131677 | M71: =IF(IF(K71>0.1,"SWAY","NO SWAY")="SWAY",IF(K71>0.3,"REVISE","SWAY"),"NO SWAY") -> SWAY | N71: CORSY1 | O71: CORSY1DL
B72: {=INDEX('STORY DATA'!$B$4:$E122,MATCH($B68,'STORY DATA'!$B$4:$B122,0)+1,1)} -> 1ST FL | C72: CORSX1 MAX | D72: {=+INDEX('STOREY SHEARS'!$B$9:$J$4190,MATCH($B72&$C72,'STOREY SHEARS'!$B$9:$B$4190&'STOREY SHEARS'!$C$9:$C$4190,0)+1,4)} -> 83147.56 | E72: =+VLOOKUP(B72,'STORY DATA'!$B$4:$E$47,2,0) -> 4 | F72: {=+INDEX('STOREY SHEARS'!$B$9:$J$5758,MATCH($B72&$C72,'STOREY SHEARS'!$B$9:$B$5758&'STOREY SHEARS'!$C$9:$C$5758,0)+1,5)} -> 2218.71 | H72: {=+INDEX('Diaphram Drift'!$B$8:$J3375,MATCH(B72&O72,'Diaphram Drift'!$B$8:$B3375&'Diaphram Drift'!$D$8:$D3375,0),8)*E72*'4.5 Storey drift control'!$J$16} -> 0.0098 | J72: =ABS((D72*H72)/(F72*E72)) -> 0.091815299 | L72: =IF(IF(J72>0.1,"SWAY","NO SWAY")="SWAY",IF(J72>0.3,"REVISE","SWAY"),"NO SWAY") -> NO SWAY | N72: CORSX1 | O72: CORSX1DL
B73: =+B72 -> 1ST FL | C73: CORSX1 MIN | D73: {=+INDEX('STOREY SHEARS'!$B$9:$J$4190,MATCH($B73&$C73,'STOREY SHEARS'!$B$9:$B$4190&'STOREY SHEARS'!$C$9:$C$4190,0)+1,4)} -> 83147.56 | E73: =+VLOOKUP(B73,'STORY DATA'!$B$4:$E$47,2,0) -> 4 | F73: {=+INDEX('STOREY SHEARS'!$B$9:$J$5758,MATCH($B73&$C73,'STOREY SHEARS'!$B$9:$B$5758&'STOREY SHEARS'!$C$9:$C$5758,0)+1,5)} -> -2218.71 | H73: {=+INDEX('Diaphram Drift'!$B$8:$J3376,MATCH(B73&O73,'Diaphram Drift'!$B$8:$B3376&'Diaphram Drift'!$D$8:$D3376,0),8)*E73*'4.5 Storey drift control'!$J$16} -> 0.006008 | J73: =ABS((D73*H73)/(F73*E73)) -> 0.0562884 | L73: =IF(IF(J73>0.1,"SWAY","NO SWAY")="SWAY",IF(J73>0.3,"REVISE","SWAY"),"NO SWAY") -> NO SWAY | N73: CORSX1 | O73: CORSY1DL
B74: =+B73 -> 1ST FL | C74: CORSY1 MAX | D74: {=+INDEX('STOREY SHEARS'!$B$9:$J$4190,MATCH($B74&$C74,'STOREY SHEARS'!$B$9:$B$4190&'STOREY SHEARS'!$C$9:$C$4190,0)+1,4)} -> 83147.56 | E74: =+VLOOKUP(B74,'STORY DATA'!$B$4:$E$47,2,0) -> 4 | G74: {=+INDEX('STOREY SHEARS'!$B$9:$J$5758,MATCH($B74&$C74,'STOREY SHEARS'!$B$9:$B$5758&'STOREY SHEARS'!$C$9:$C$5758,0)+1,6)} -> 1667.12 | I74: {=+INDEX('Diaphram Drift'!$B$8:$J3362,MATCH(B74&O74,'Diaphram Drift'!$B$8:$B3362&'Diaphram Drift'!$D$8:$D3362,0),8)*E74*'4.5 Storey drift control'!$J$16} -> 0.0098 | K74: {=ABS((D74*I74)/(G74*E74))} -> 0.12219368 | M74: =IF(IF(K74>0.1,"SWAY","NO SWAY")="SWAY",IF(K74>0.3,"REVISE","SWAY"),"NO SWAY") -> SWAY | N74: CORSY1 | O74: CORSX1DL
B75: =+B74 -> 1ST FL | C75: CORSY1 MIN | D75: {=+INDEX('STOREY SHEARS'!$B$9:$J$4190,MATCH($B75&$C75,'STOREY SHEARS'!$B$9:$B$4190&'STOREY SHEARS'!$C$9:$C$4190,0)+1,4)} -> 83147.56 | E75: =+VLOOKUP(B75,'STORY DATA'!$B$4:$E$47,2,0) -> 4 | G75: {=+INDEX('STOREY SHEARS'!$B$9:$J$5758,MATCH($B75&$C75,'STOREY SHEARS'!$B$9:$B$5758&'STOREY SHEARS'!$C$9:$C$5758,0)+1,6)} -> -1667.12 | I75: {=+INDEX('Diaphram Drift'!$B$8:$J3363,MATCH(B75&O75,'Diaphram Drift'!$B$8:$B3363&'Diaphram Drift'!$D$8:$D3363,0),8)*E75*'4.5 Storey drift control'!$J$16} -> 0.006008 | K75: {=ABS((D75*I75)/(G75*E75))} -> 0.074912205 | M75: =IF(IF(K75>0.1,"SWAY","NO SWAY")="SWAY",IF(K75>0.3,"REVISE","SWAY"),"NO SWAY") -> NO SWAY | N75: CORSY1 | O75: CORSY1DL
B76: {=INDEX('STORY DATA'!$B$4:$E126,MATCH($B72,'STORY DATA'!$B$4:$B126,0)+1,1)} -> GROUND FL | C76: CORSX1 MAX | D76: {=+INDEX('STOREY SHEARS'!$B$9:$J$4190,MATCH($B76&$C76,'STOREY SHEARS'!$B$9:$B$4190&'STOREY SHEARS'!$C$9:$C$4190,0)+1,4)} -> 94566.49 | E76: =+VLOOKUP(B76,'STORY DATA'!$B$4:$E$47,2,0) -> 3.04 | F76: {=+INDEX('STOREY SHEARS'!$B$9:$J$5758,MATCH($B76&$C76,'STOREY SHEARS'!$B$9:$B$5758&'STOREY SHEARS'!$C$9:$C$5758,0)+1,5)} -> 2464.54 | H76: {=+INDEX('Diaphram Drift'!$B$8:$J3379,MATCH(B76&O76,'Diaphram Drift'!$B$8:$B3379&'Diaphram Drift'!$D$8:$D3379,0),8)*E76*'4.5 Storey drift control'!$J$16} -> 0.0006232 | J76: =ABS((D76*H76)/(F76*E76)) -> 0.0078660239 | L76: =IF(IF(J76>0.1,"SWAY","NO SWAY")="SWAY",IF(J76>0.3,"REVISE","SWAY"),"NO SWAY") -> NO SWAY | N76: CORSX1 | O76: CORSX1DL
B77: =+B76 -> GROUND FL | C77: CORSX1 MIN | D77: {=+INDEX('STOREY SHEARS'!$B$9:$J$4190,MATCH($B77&$C77,'STOREY SHEARS'!$B$9:$B$4190&'STOREY SHEARS'!$C$9:$C$4190,0)+1,4)} -> 94566.49 | E77: =+VLOOKUP(B77,'STORY DATA'!$B$4:$E$47,2,0) -> 3.04 | F77: {=+INDEX('STOREY SHEARS'!$B$9:$J$5758,MATCH($B77&$C77,'STOREY SHEARS'!$B$9:$B$5758&'STOREY SHEARS'!$C$9:$C$5758,0)+1,5)} -> -2464.54 | H77: {=+INDEX('Diaphram Drift'!$B$8:$J3380,MATCH(B77&O77,'Diaphram Drift'!$B$8:$B3380&'Diaphram Drift'!$D$8:$D3380,0),8)*E77*'4.5 Storey drift control'!$J$16} -> 0.00031616 | J77: =ABS((D77*H77)/(F77*E77)) -> 0.0039905682 | L77: =IF(IF(J77>0.1,"SWAY","NO SWAY")="SWAY",IF(J77>0.3,"REVISE","SWAY"),"NO SWAY") -> NO SWAY | N77: CORSX1 | O77: CORSY1DL
B78: =+B77 -> GROUND FL | C78: CORSY1 MAX | D78: {=+INDEX('STOREY SHEARS'!$B$9:$J$4190,MATCH($B78&$C78,'STOREY SHEARS'!$B$9:$B$4190&'STOREY SHEARS'!$C$9:$C$4190,0)+1,4)} -> 94566.49 | E78: =+VLOOKUP(B78,'STORY DATA'!$B$4:$E$47,2,0) -> 3.04 | G78: {=+INDEX('STOREY SHEARS'!$B$9:$J$5758,MATCH($B78&$C78,'STOREY SHEARS'!$B$9:$B$5758&'STOREY SHEARS'!$C$9:$C$5758,0)+1,6)} -> 1806.84 | I78: {=+INDEX('Diaphram Drift'!$B$8:$J3366,MATCH(B78&O78,'Diaphram Drift'!$B$8:$B3366&'Diaphram Drift'!$D$8:$D3366,0),8)*E78*'4.5 Storey drift control'!$J$16} -> 0.0006232 | K78: {=ABS((D78*I78)/(G78*E78))} -> 0.010729301 | M78: =IF(IF(K78>0.1,"SWAY","NO SWAY")="SWAY",IF(K78>0.3,"REVISE","SWAY"),"NO SWAY") -> NO SWAY | N78: CORSY1 | O78: CORSX1DL
B79: =+B78 -> GROUND FL | C79: CORSY1 MIN | D79: {=+INDEX('STOREY SHEARS'!$B$9:$J$4190,MATCH($B79&$C79,'STOREY SHEARS'!$B$9:$B$4190&'STOREY SHEARS'!$C$9:$C$4190,0)+1,4)} -> 94566.49 | E79: =+VLOOKUP(B79,'STORY DATA'!$B$4:$E$47,2,0) -> 3.04 | G79: {=+INDEX('STOREY SHEARS'!$B$9:$J$5758,MATCH($B79&$C79,'STOREY SHEARS'!$B$9:$B$5758&'STOREY SHEARS'!$C$9:$C$5758,0)+1,6)} -> -1806.84 | I79: {=+INDEX('Diaphram Drift'!$B$8:$J3367,MATCH(B79&O79,'Diaphram Drift'!$B$8:$B3367&'Diaphram Drift'!$D$8:$D3367,0),8)*E79*'4.5 Storey drift control'!$J$16} -> 0.00031616 | K79: {=ABS((D79*I79)/(G79*E79))} -> 0.0054431576 | M79: =IF(IF(K79>0.1,"SWAY","NO SWAY")="SWAY",IF(K79>0.3,"REVISE","SWAY"),"NO SWAY") -> NO SWAY | N79: CORSY1 | O79: CORSY1DL

Sheet 4.5 Storey drift control
B2: 4.5. Damage Limitation | G2: Project : | I2: =+'4.1 Base Shear'!I2 -> BAHRU SARBET MODEL 1-3 q=1
G3: Client : | I3: =+'4.1 Base Shear'!I3 -> ATO BAHRU
G4: Designed by : | I4: =+'4.1 Base Shear'!I4 -> Sofonias Bezabeh
B6: Damage Limitation related to the reduction of economic losses in frequent earthquakes, both in what concerns structural and non-structural damages. Under such kind of events, the structure should not have permanent deformations and its elements should retain its original strength and stiffness and hence should not need structural repair. In view of the minimization of non structural damage the structure should have adequate stiffness to limit, under such frequent events, its deformation to levels that do not cause important damage on such elements. Some damage to nonstructural elements is acceptable but they should not impose significant limitations of use and should be repairable economically.
B7: Damage Limitation for various Non -Structural elements
B8: For non-structural elements of brittle material attached to the structure | D8: For building having ductile non structural elements | G8: For building having non-structural elements fixed in a way so as not to interfere with structural deformation
B9: dr v≤0.005h | D9: drv≤0.0075h | G9: drv≤0.010h
B11: dr: is the interstorey drift, h: is the storey height, v: is the reduction factor
B13: Reduction factor of limitation to interstorey drift(ES EN 1998-1-1 )
B15: Important class | C15: Reduction factor v | E15: For This Building use
B16: I | C16: 0.5 | E16: Importace class | F16: II | H16: Behaviour Factor q= | J16: 1
B17: II | C17: 0.5 | I17: ѵ= | J17: 0.5
B18: III | C18: 0.4 | I18: Max X-Drift | J18: Max Y-Drift
B19: IV | C19: 0.4 | I19: =+MAX(G22:G45) -> 0.0030525 | J19: =+MAX(H22:H45) -> 0.0025915
D20: dr/h*q in CM in Ratio | G20: ѵ*dr/h*q | I20: Damage Limitation check | N20: EQX | O20: EQY | V20: RSEQX | W20: RSEQY | AD20: RSEQXELAS | AE20: RSEQYELAS
B21: Story | C21: Combination | D21: dr X | E21: dr Y | F21: Story Hieght | G21: X | H21: Y | I21: X | J21: Y | O21: dr in CM | W21: dr in CM | AE21: dr in CM
B22: =+'STORY DATA'!$B$5 -> ROOF FL | C22: CORSX1DL | D22: {=+INDEX('Diaphram Drift'!$B$8:$J2896,MATCH(B22&C22,'Diaphram Drift'!$B$8:$B2896&'Diaphram Drift'!$D$8:$D2896,0),8)*$J$16} -> 0.004162 | E22: {=+INDEX('Diaphram Drift'!$B$8:$J2896,MATCH(B22&C22,'Diaphram Drift'!$B$8:$B2896&'Diaphram Drift'!$D$8:$D2896,0)+1,9)*$J$16} -> 0.001599 | F22: =+VLOOKUP(B22,'STORY DATA'!$B$4:$E$44,2,0) -> 3.2 | G22: =$J$17*D22 -> 0.002081 | H22: =$J$17*E22 -> 0.0007995 | I22: =+IF(ABS(G22)<=0.01,"Ok","Revise") -> Ok | J22: =+IF(ABS(H22)<=0.01,"Ok","Revise") -> Ok | N22: Story | O22: dr Xx | P22: dr Xy | Q22: dr Yx | R22: dr Yy | S22: dr X | T22: dr Y | V22: Story | W22: dr Xx | X22: dr Xy | Y22: dr Yx | Z22: dr Yy | AA22: dr X | AB22: dr Y | AD22: Story | AE22: dr Xx | AF22: dr Xy | AG22: dr Yx | AH22: dr Yy | AI22: dr X | AJ22: dr Y
B23: =+B22 -> ROOF FL | C23: CORSY1DL | D23: {=+INDEX('Diaphram Drift'!$B$8:$J2968,MATCH(B23&C23,'Diaphram Drift'!$B$8:$B2968&'Diaphram Drift'!$D$8:$D2968,0),8)*$J$16} -> 0.002458 | E23: {=+INDEX('Diaphram Drift'!$B$8:$J2968,MATCH(B23&C23,'Diaphram Drift'!$B$8:$B2968&'Diaphram Drift'!$D$8:$D2968,0)+1,9)*$J$16} -> 0.002863 | F23: =+VLOOKUP(B23,'STORY DATA'!$B$4:$E$44,2,0) -> 3.2 | G23: =$J$17*D23 -> 0.001229 | H23: =$J$17*E23 -> 0.0014315 | I23: =+IF(ABS(G23)<=0.01,"Ok","Revise") -> Ok | J23: =+IF(ABS(H23)<=0.01,"Ok","Revise") -> Ok | N23: =+'STORY DATA'!B5 -> ROOF FL | O23: {=+INDEX('Diaphram Drift'!$B$8:$J4154,MATCH($N23&$N$20,'Diaphram Drift'!$B$8:$B4154&'Diaphram Drift'!$D$8:$D4154,0),8)*VLOOKUP(N23,'STORY DATA'!$B$4:$E$44,2,0)} -> 0.0033888 | P23: {=+INDEX('Diaphram Drift'!$B$8:$J4154,MATCH($N23&$N$20,'Diaphram Drift'!$B$8:$B4154&'Diaphram Drift'!$D$8:$D4154,0)+1,9)*VLOOKUP(N23,'STORY DATA'!$B$4:$E$44,2,0)} -> 0.00016 | Q23: {=+INDEX('Diaphram Drift'!$B$8:$J4154,MATCH($N23&$O$20,'Diaphram Drift'!$B$8:$B4154&'Diaphram Drift'!$D$8:$D4154,0),8)*VLOOKUP(N23,'STORY DATA'!$B$4:$E$44,2,0)} -> 0.0002656 | R23: {=+INDEX('Diaphram Drift'!$B$8:$J4154,MATCH($N23&$O$20,'Diaphram Drift'!$B$8:$B4154&'Diaphram Drift'!$D$8:$D4154,0)+1,9)*VLOOKUP(N23,'STORY DATA'!$B$4:$E$44,2,0)} -> 0.002528 | S23: =+S24+O23*$J$16 -> 0.06075856 | T23: =+T24+R23*$J$16 -> 0.06632624 | V23: =+N23 -> ROOF FL | W23: {=+INDEX('Diaphram Drift'!$B$8:$J4154,MATCH($V23&$V$20,'Diaphram Drift'!$B$8:$B4154&'Diaphram Drift'!$D$8:$D4154,0),8)*VLOOKUP(V23,'STORY DATA'!$B$4:$E$44,2,0)} -> 0.0046688 | X23: {=+INDEX('Diaphram Drift'!$B$8:$J4154,MATCH($V23&$V$20,'Diaphram Drift'!$B$8:$B4154&'Diaphram Drift'!$D$8:$D4154,0)+1,9)*VLOOKUP(V23,'STORY DATA'!$B$4:$E$44,2,0)} -> 0.0010752 | Y23: {=+INDEX('Diaphram Drift'!$B$8:$J4154,MATCH($V23&$W$20,'Diaphram Drift'!$B$8:$B4154&'Diaphram Drift'!$D$8:$D4154,0),8)*VLOOKUP(V23,'STORY DATA'!$B$4:$E$44,2,0)} -> 0.0016352 | Z23: {=+INDEX('Diaphram Drift'!$B$8:$J4154,MATCH($V23&$W$20,'Diaphram Drift'!$B$8:$B4154&'Diaphram Drift'!$D$8:$D4154,0)+1,9)*VLOOKUP(V23,'STORY DATA'!$B$4:$E$44,2,0)} -> 0.0034304 | AA23: =+AA24+W23*$J$16 -> 0.06287008 | AB23: =+AB24+Z23*$J$16 -> 0.06410304 | AD23: =+V23 -> ROOF FL | AE23: {=+INDEX('Diaphram Drift'!$B$8:$J4154,MATCH($AD23&$AD$20,'Diaphram Drift'!$B$8:$B4154&'Diaphram Drift'!$D$8:$D4154,0),8)*VLOOKUP(AD23,'STORY DATA'!$B$4:$E$44,2,0)} -> 0.011472 | AF23: {=+INDEX('Diaphram Drift'!$B$8:$J4154,MATCH($AD23&$AD$20,'Diaphram Drift'!$B$8:$B4154&'Diaphram Drift'!$D$8:$D4154,0)+1,9)*VLOOKUP(AD23,'STORY DATA'!$B$4:$E$44,2,0)} -> 0.002672 | AG23: {=+INDEX('Diaphram Drift'!$B$8:$J4154,MATCH($AD23&$AE$20,'Diaphram Drift'!$B$8:$B4154&'Diaphram Drift'!$D$8:$D4154,0),8)*VLOOKUP(AD23,'STORY DATA'!$B$4:$E$44,2,0)} -> 0.0036832 | AH23: {=+INDEX('Diaphram Drift'!$B$8:$J4154,MATCH($AD23&$AE$20,'Diaphram Drift'!$B$8:$B4154&'Diaphram Drift'!$D$8:$D4154,0)+1,9)*VLOOKUP(AD23,'STORY DATA'!$B$4:$E$44,2,0)} -> 0.008192 | AI23: =+AI24+AE23 -> 0.14475104 | AJ23: =+AJ24+AH23 -> 0.13549328
B24: {=INDEX('STORY DATA'!$B$4:$E90,MATCH($B22,'STORY DATA'!$B$4:$B90,0)+1,1)} -> 9TH FL | C24: CORSX1DL | D24: {=+INDEX('Diaphram Drift'!$B$8:$J2902,MATCH(B24&C24,'Diaphram Drift'!$B$8:$B2902&'Diaphram Drift'!$D$8:$D2902,0),8)*$J$16} -> 0.005217 | E24: {=+INDEX('Diaphram Drift'!$B$8:$J2902,MATCH(B24&C24,'Diaphram Drift'!$B$8:$B2902&'Diaphram Drift'!$D$8:$D2902,0)+1,9)*$J$16} -> 0.002267 | F24: =+VLOOKUP(B24,'STORY DATA'!$B$4:$E$44,2,0) -> 3.2 | G24: =$J$17*D24 -> 0.0026085 | H24: =$J$17*E24 -> 0.0011335 | I24: =+IF(ABS(G24)<=0.01,"Ok","Revise") -> Ok | J24: =+IF(ABS(H24)<=0.01,"Ok","Revise") -> Ok | N24: =+'STORY DATA'!B6 -> 9TH FL | O24: {=+INDEX('Diaphram Drift'!$B$8:$J4155,MATCH($N24&$N$20,'Diaphram Drift'!$B$8:$B4155&'Diaphram Drift'!$D$8:$D4155,0),8)*VLOOKUP(N24,'STORY DATA'!$B$4:$E$44,2,0)} -> 0.0050176 | P24: {=+INDEX('Diaphram Drift'!$B$8:$J4155,MATCH($N24&$N$20,'Diaphram Drift'!$B$8:$B4155&'Diaphram Drift'!$D$8:$D4155,0)+1,9)*VLOOKUP(N24,'STORY DATA'!$B$4:$E$44,2,0)} -> 0.0002336 | Q24: {=+INDEX('Diaphram Drift'!$B$8:$J4155,MATCH($N24&$O$20,'Diaphram Drift'!$B$8:$B4155&'Diaphram Drift'!$D$8:$D4155,0),8)*VLOOKUP(N24,'STORY DATA'!$B$4:$E$44,2,0)} -> 0.0002368 | R24: {=+INDEX('Diaphram Drift'!$B$8:$J4155,MATCH($N24&$O$20,'Diaphram Drift'!$B$8:$B4155&'Diaphram Drift'!$D$8:$D4155,0)+1,9)*VLOOKUP(N24,'STORY DATA'!$B$4:$E$44,2,0)} -> 0.0050368 | S24: =+S25+O24*$J$16 -> 0.05736976 | T24: =+T25+R24*$J$16 -> 0.06379824 | V24: =+N24 -> 9TH FL | W24: {=+INDEX('Diaphram Drift'!$B$8:$J4155,MATCH($V24&$V$20,'Diaphram Drift'!$B$8:$B4155&'Diaphram Drift'!$D$8:$D4155,0),8)*VLOOKUP(V24,'STORY DATA'!$B$4:$E$44,2,0)} -> 0.0060736 | X24: {=+INDEX('Diaphram Drift'!$B$8:$J4155,MATCH($V24&$V$20,'Diaphram Drift'!$B$8:$B4155&'Diaphram Drift'!$D$8:$D4155,0)+1,9)*VLOOKUP(V24,'STORY DATA'!$B$4:$E$44,2,0)} -> 0.001616 | Y24: {=+INDEX('Diaphram Drift'!$B$8:$J4155,MATCH($V24&$W$20,'Diaphram Drift'!$B$8:$B4155&'Diaphram Drift'!$D$8:$D4155,0),8)*VLOOKUP(V24,'STORY DATA'!$B$4:$E$44,2,0)} -> 0.0023104 | Z24: {=+INDEX('Diaphram Drift'!$B$8:$J4155,MATCH($V24&$W$20,'Diaphram Drift'!$B$8:$B4155&'Diaphram Drift'!$D$8:$D4155,0)+1,9)*VLOOKUP(V24,'STORY DATA'!$B$4:$E$44,2,0)} -> 0.0056224 | AA24: =+AA25+W24*$J$16 -> 0.05820128 | AB24: =+AB25+Z24*$J$16 -> 0.06067264 | AD24: =+V24 -> 9TH FL | AE24: {=+INDEX('Diaphram Drift'!$B$8:$J4155,MATCH($AD24&$AD$20,'Diaphram Drift'!$B$8:$B4155&'Diaphram Drift'!$D$8:$D4155,0),8)*VLOOKUP(AD24,'STORY DATA'!$B$4:$E$44,2,0)} -> 0.0144 | AF24: {=+INDEX('Diaphram Drift'!$B$8:$J4155,MATCH($AD24&$AD$20,'Diaphram Drift'!$B$8:$B4155&'Diaphram Drift'!$D$8:$D4155,0)+1,9)*VLOOKUP(AD24,'STORY DATA'!$B$4:$E$44,2,0)} -> 0.0039488 | AG24: {=+INDEX('Diaphram Drift'!$B$8:$J4155,MATCH($AD24&$AE$20,'Diaphram Drift'!$B$8:$B4155&'Diaphram Drift'!$D$8:$D4155,0),8)*VLOOKUP(AD24,'STORY DATA'!$B$4:$E$44,2,0)} -> 0.0050816 | AH24: {=+INDEX('Diaphram Drift'!$B$8:$J4155,MATCH($AD24&$AE$20,'Diaphram Drift'!$B$8:$B4155&'Diaphram Drift'!$D$8:$D4155,0)+1,9)*VLOOKUP(AD24,'STORY DATA'!$B$4:$E$44,2,0)} -> 0.0126272 | AI24: =+AI25+AE24 -> 0.13327904 | AJ24: =+AJ25+AH24 -> 0.12730128
B25: =+B24 -> 9TH FL | C25: CORSY1DL | D25: {=+INDEX('Diaphram Drift'!$B$8:$J2974,MATCH(B25&C25,'Diaphram Drift'!$B$8:$B2974&'Diaphram Drift'!$D$8:$D2974,0),8)*$J$16} -> 0.003179 | E25: {=+INDEX('Diaphram Drift'!$B$8:$J2974,MATCH(B25&C25,'Diaphram Drift'!$B$8:$B2974&'Diaphram Drift'!$D$8:$D2974,0)+1,9)*$J$16} -> 0.004287 | F25: =+VLOOKUP(B25,'STORY DATA'!$B$4:$E$44,2,0) -> 3.2 | G25: =$J$17*D25 -> 0.0015895 | H25: =$J$17*E25 -> 0.0021435 | I25: =+IF(ABS(G25)<=0.01,"Ok","Revise") -> Ok | J25: =+IF(ABS(H25)<=0.01,"Ok","Revise") -> Ok | N25: =+'STORY DATA'!B7 -> 8TH FL | O25: {=+INDEX('Diaphram Drift'!$B$8:$J4156,MATCH($N25&$N$20,'Diaphram Drift'!$B$8:$B4156&'Diaphram Drift'!$D$8:$D4156,0),8)*VLOOKUP(N25,'STORY DATA'!$B$4:$E$44,2,0)} -> 0.0058752 | P25: {=+INDEX('Diaphram Drift'!$B$8:$J4156,MATCH($N25&$N$20,'Diaphram Drift'!$B$8:$B4156&'Diaphram Drift'!$D$8:$D4156,0)+1,9)*VLOOKUP(N25,'STORY DATA'!$B$4:$E$44,2,0)} -> 0.0002592 | Q25: {=+INDEX('Diaphram Drift'!$B$8:$J4156,MATCH($N25&$O$20,'Diaphram Drift'!$B$8:$B4156&'Diaphram Drift'!$D$8:$D4156,0),8)*VLOOKUP(N25,'STORY DATA'!$B$4:$E$44,2,0)} -> 0.0002208 | R25: {=+INDEX('Diaphram Drift'!$B$8:$J4156,MATCH($N25&$O$20,'Diaphram Drift'!$B$8:$B4156&'Diaphram Drift'!$D$8:$D4156,0)+1,9)*VLOOKUP(N25,'STORY DATA'!$B$4:$E$44,2,0)} -> 0.0062176 | S25: =+S26+O25*$J$16 -> 0.05235216 | T25: =+T26+R25*$J$16 -> 0.05876144 | V25: =+N25 -> 8TH FL | W25: {=+INDEX('Diaphram Drift'!$B$8:$J4156,MATCH($V25&$V$20,'Diaphram Drift'!$B$8:$B4156&'Diaphram Drift'!$D$8:$D4156,0),8)*VLOOKUP(V25,'STORY DATA'!$B$4:$E$44,2,0)} -> 0.0067456 | X25: {=+INDEX('Diaphram Drift'!$B$8:$J4156,MATCH($V25&$V$20,'Diaphram Drift'!$B$8:$B4156&'Diaphram Drift'!$D$8:$D4156,0)+1,9)*VLOOKUP(V25,'STORY DATA'!$B$4:$E$44,2,0)} -> 0.001856 | Y25: {=+INDEX('Diaphram Drift'!$B$8:$J4156,MATCH($V25&$W$20,'Diaphram Drift'!$B$8:$B4156&'Diaphram Drift'!$D$8:$D4156,0),8)*VLOOKUP(V25,'STORY DATA'!$B$4:$E$44,2,0)} -> 0.0026528 | Z25: {=+INDEX('Diaphram Drift'!$B$8:$J4156,MATCH($V25&$W$20,'Diaphram Drift'!$B$8:$B4156&'Diaphram Drift'!$D$8:$D4156,0)+1,9)*VLOOKUP(V25,'STORY DATA'!$B$4:$E$44,2,0)} -> 0.0064832 | AA25: =+AA26+W25*$J$16 -> 0.05212768 | AB25: =+AB26+Z25*$J$16 -> 0.05505024 | AD25: =+V25 -> 8TH FL | AE25: {=+INDEX('Diaphram Drift'!$B$8:$J4156,MATCH($AD25&$AD$20,'Diaphram Drift'!$B$8:$B4156&'Diaphram Drift'!$D$8:$D4156,0),8)*VLOOKUP(AD25,'STORY DATA'!$B$4:$E$44,2,0)} -> 0.0156608 | AF25: {=+INDEX('Diaphram Drift'!$B$8:$J4156,MATCH($AD25&$AD$20,'Diaphram Drift'!$B$8:$B4156&'Diaphram Drift'!$D$8:$D4156,0)+1,9)*VLOOKUP(AD25,'STORY DATA'!$B$4:$E$44,2,0)} -> 0.0044704 | AG25: {=+INDEX('Diaphram Drift'!$B$8:$J4156,MATCH($AD25&$AE$20,'Diaphram Drift'!$B$8:$B4156&'Diaphram Drift'!$D$8:$D4156,0),8)*VLOOKUP(AD25,'STORY DATA'!$B$4:$E$44,2,0)} -> 0.0057408 | AH25: {=+INDEX('Diaphram Drift'!$B$8:$J4156,MATCH($AD25&$AE$20,'Diaphram Drift'!$B$8:$B4156&'Diaphram Drift'!$D$8:$D4156,0)+1,9)*VLOOKUP(AD25,'STORY DATA'!$B$4:$E$44,2,0)} -> 0.014032 | AI25: =+AI26+AE25 -> 0.11887904 | AJ25: =+AJ26+AH25 -> 0.11467408
B26: {=INDEX('STORY DATA'!$B$4:$E96,MATCH($B24,'STORY DATA'!$B$4:$B96,0)+1,1)} -> 8TH FL | C26: CORSX1DL | D26: {=+INDEX('Diaphram Drift'!$B$8:$J2908,MATCH(B26&C26,'Diaphram Drift'!$B$8:$B2908&'Diaphram Drift'!$D$8:$D2908,0),8)*$J$16} -> 0.005673 | E26: {=+INDEX('Diaphram Drift'!$B$8:$J2908,MATCH(B26&C26,'Diaphram Drift'!$B$8:$B2908&'Diaphram Drift'!$D$8:$D2908,0)+1,9)*$J$16} -> 0.00251 | F26: =+VLOOKUP(B26,'STORY DATA'!$B$4:$E$44,2,0) -> 3.2 | G26: =$J$17*D26 -> 0.0028365 | H26: =$J$17*E26 -> 0.001255 | I26: =+IF(ABS(G26)<=0.01,"Ok","Revise") -> Ok | J26: =+IF(ABS(H26)<=0.01,"Ok","Revise") -> Ok | N26: =+'STORY DATA'!B8 -> 7TH FL | O26: {=+INDEX('Diaphram Drift'!$B$8:$J4157,MATCH($N26&$N$20,'Diaphram Drift'!$B$8:$B4157&'Diaphram Drift'!$D$8:$D4157,0),8)*VLOOKUP(N26,'STORY DATA'!$B$4:$E$44,2,0)} -> 0.0066016 | P26: {=+INDEX('Diaphram Drift'!$B$8:$J4157,MATCH($N26&$N$20,'Diaphram Drift'!$B$8:$B4157&'Diaphram Drift'!$D$8:$D4157,0)+1,9)*VLOOKUP(N26,'STORY DATA'!$B$4:$E$44,2,0)} -> 0.0002816 | Q26: {=+INDEX('Diaphram Drift'!$B$8:$J4157,MATCH($N26&$O$20,'Diaphram Drift'!$B$8:$B4157&'Diaphram Drift'!$D$8:$D4157,0),8)*VLOOKUP(N26,'STORY DATA'!$B$4:$E$44,2,0)} -> 0.0001856 | R26: {=+INDEX('Diaphram Drift'!$B$8:$J4157,MATCH($N26&$O$20,'Diaphram Drift'!$B$8:$B4157&'Diaphram Drift'!$D$8:$D4157,0)+1,9)*VLOOKUP(N26,'STORY DATA'!$B$4:$E$44,2,0)} -> 0.0072384 | S26: =+S27+O26*$J$16 -> 0.04647696 | T26: =+T27+R26*$J$16 -> 0.05254384 | V26: =+N26 -> 7TH FL | W26: {=+INDEX('Diaphram Drift'!$B$8:$J4157,MATCH($V26&$V$20,'Diaphram Drift'!$B$8:$B4157&'Diaphram Drift'!$D$8:$D4157,0),8)*VLOOKUP(V26,'STORY DATA'!$B$4:$E$44,2,0)} -> 0.007232 | X26: {=+INDEX('Diaphram Drift'!$B$8:$J4157,MATCH($V26&$V$20,'Diaphram Drift'!$B$8:$B4157&'Diaphram Drift'!$D$8:$D4157,0)+1,9)*VLOOKUP(V26,'STORY DATA'!$B$4:$E$44,2,0)} -> 0.0020192 | Y26: {=+INDEX('Diaphram Drift'!$B$8:$J4157,MATCH($V26&$W$20,'Diaphram Drift'!$B$8:$B4157&'Diaphram Drift'!$D$8:$D4157,0),8)*VLOOKUP(V26,'STORY DATA'!$B$4:$E$44,2,0)} -> 0.0029024 | Z26: {=+INDEX('Diaphram Drift'!$B$8:$J4157,MATCH($V26&$W$20,'Diaphram Drift'!$B$8:$B4157&'Diaphram Drift'!$D$8:$D4157,0)+1,9)*VLOOKUP(V26,'STORY DATA'!$B$4:$E$44,2,0)} -> 0.0071872 | AA26: =+AA27+W26*$J$16 -> 0.04538208 | AB26: =+AB27+Z26*$J$16 -> 0.04856704 | AD26: =+V26 -> 7TH FL | AE26: {=+INDEX('Diaphram Drift'!$B$8:$J4157,MATCH($AD26&$AD$20,'Diaphram Drift'!$B$8:$B4157&'Diaphram Drift'!$D$8:$D4157,0),8)*VLOOKUP(AD26,'STORY DATA'!$B$4:$E$44,2,0)} -> 0.016496 | AF26: {=+INDEX('Diaphram Drift'!$B$8:$J4157,MATCH($AD26&$AD$20,'Diaphram Drift'!$B$8:$B4157&'Diaphram Drift'!$D$8:$D4157,0)+1,9)*VLOOKUP(AD26,'STORY DATA'!$B$4:$E$44,2,0)} -> 0.0047968 | AG26: {=+INDEX('Diaphram Drift'!$B$8:$J4157,MATCH($AD26&$AE$20,'Diaphram Drift'!$B$8:$B4157&'Diaphram Drift'!$D$8:$D4157,0),8)*VLOOKUP(AD26,'STORY DATA'!$B$4:$E$44,2,0)} -> 0.006208 | AH26: {=+INDEX('Diaphram Drift'!$B$8:$J4157,MATCH($AD26&$AE$20,'Diaphram Drift'!$B$8:$B4157&'Diaphram Drift'!$D$8:$D4157,0)+1,9)*VLOOKUP(AD26,'STORY DATA'!$B$4:$E$44,2,0)} -> 0.0151072 | AI26: =+AI27+AE26 -> 0.10321824 | AJ26: =+AJ27+AH26 -> 0.10064208
B27: =+B26 -> 8TH FL | C27: CORSY1DL | D27: {=+INDEX('Diaphram Drift'!$B$8:$J2980,MATCH(B27&C27,'Diaphram Drift'!$B$8:$B2980&'Diaphram Drift'!$D$8:$D2980,0),8)*$J$16} -> 0.003503 | E27: {=+INDEX('Diaphram Drift'!$B$8:$J2980,MATCH(B27&C27,'Diaphram Drift'!$B$8:$B2980&'Diaphram Drift'!$D$8:$D2980,0)+1,9)*$J$16} -> 0.004736 | F27: =+VLOOKUP(B27,'STORY DATA'!$B$4:$E$44,2,0) -> 3.2 | G27: =$J$17*D27 -> 0.0017515 | H27: =$J$17*E27 -> 0.002368 | I27: =+IF(ABS(G27)<=0.01,"Ok","Revise") -> Ok | J27: =+IF(ABS(H27)<=0.01,"Ok","Revise") -> Ok | N27: =+'STORY DATA'!B9 -> 6TH FL | O27: {=+INDEX('Diaphram Drift'!$B$8:$J4158,MATCH($N27&$N$20,'Diaphram Drift'!$B$8:$B4158&'Diaphram Drift'!$D$8:$D4158,0),8)*VLOOKUP(N27,'STORY DATA'!$B$4:$E$44,2,0)} -> 0.0070752 | P27: {=+INDEX('Diaphram Drift'!$B$8:$J4158,MATCH($N27&$N$20,'Diaphram Drift'!$B$8:$B4158&'Diaphram Drift'!$D$8:$D4158,0)+1,9)*VLOOKUP(N27,'STORY DATA'!$B$4:$E$44,2,0)} -> 0.0003168 | Q27: {=+INDEX('Diaphram Drift'!$B$8:$J4158,MATCH($N27&$O$20,'Diaphram Drift'!$B$8:$B4158&'Diaphram Drift'!$D$8:$D4158,0),8)*VLOOKUP(N27,'STORY DATA'!$B$4:$E$44,2,0)} -> 0.0001184 | R27: {=+INDEX('Diaphram Drift'!$B$8:$J4158,MATCH($N27&$O$20,'Diaphram Drift'!$B$8:$B4158&'Diaphram Drift'!$D$8:$D4158,0)+1,9)*VLOOKUP(N27,'STORY DATA'!$B$4:$E$44,2,0)} -> 0.007552 | S27: =+S28+O27*$J$16 -> 0.03987536 | T27: =+T28+R27*$J$16 -> 0.04530544 | V27: =+N27 -> 6TH FL | W27: {=+INDEX('Diaphram Drift'!$B$8:$J4158,MATCH($V27&$V$20,'Diaphram Drift'!$B$8:$B4158&'Diaphram Drift'!$D$8:$D4158,0),8)*VLOOKUP(V27,'STORY DATA'!$B$4:$E$44,2,0)} -> 0.0074336 | X27: {=+INDEX('Diaphram Drift'!$B$8:$J4158,MATCH($V27&$V$20,'Diaphram Drift'!$B$8:$B4158&'Diaphram Drift'!$D$8:$D4158,0)+1,9)*VLOOKUP(V27,'STORY DATA'!$B$4:$E$44,2,0)} -> 0.0020672 | Y27: {=+INDEX('Diaphram Drift'!$B$8:$J4158,MATCH($V27&$W$20,'Diaphram Drift'!$B$8:$B4158&'Diaphram Drift'!$D$8:$D4158,0),8)*VLOOKUP(V27,'STORY DATA'!$B$4:$E$44,2,0)} -> 0.0030016 | Z27: {=+INDEX('Diaphram Drift'!$B$8:$J4158,MATCH($V27&$W$20,'Diaphram Drift'!$B$8:$B4158&'Diaphram Drift'!$D$8:$D4158,0)+1,9)*VLOOKUP(V27,'STORY DATA'!$B$4:$E$44,2,0)} -> 0.0072704 | AA27: =+AA28+W27*$J$16 -> 0.03815008 | AB27: =+AB28+Z27*$J$16 -> 0.04137984 | AD27: =+V27 -> 6TH FL | AE27: {=+INDEX('Diaphram Drift'!$B$8:$J4158,MATCH($AD27&$AD$20,'Diaphram Drift'!$B$8:$B4158&'Diaphram Drift'!$D$8:$D4158,0),8)*VLOOKUP(AD27,'STORY DATA'!$B$4:$E$44,2,0)} -> 0.0167616 | AF27: {=+INDEX('Diaphram Drift'!$B$8:$J4158,MATCH($AD27&$AD$20,'Diaphram Drift'!$B$8:$B4158&'Diaphram Drift'!$D$8:$D4158,0)+1,9)*VLOOKUP(AD27,'STORY DATA'!$B$4:$E$44,2,0)} -> 0.0048608 | AG27: {=+INDEX('Diaphram Drift'!$B$8:$J4158,MATCH($AD27&$AE$20,'Diaphram Drift'!$B$8:$B4158&'Diaphram Drift'!$D$8:$D4158,0),8)*VLOOKUP(AD27,'STORY DATA'!$B$4:$E$44,2,0)} -> 0.0063776 | AH27: {=+INDEX('Diaphram Drift'!$B$8:$J4158,MATCH($AD27&$AE$20,'Diaphram Drift'!$B$8:$B4158&'Diaphram Drift'!$D$8:$D4158,0)+1,9)*VLOOKUP(AD27,'STORY DATA'!$B$4:$E$44,2,0)} -> 0.0149568 | AI27: =+AI28+AE27 -> 0.08672224 | AJ27: =+AJ28+AH27 -> 0.08553488
B28: {=INDEX('STORY DATA'!$B$4:$E102,MATCH($B26,'STORY DATA'!$B$4:$B102,0)+1,1)} -> 7TH FL | C28: CORSX1DL | D28: {=+INDEX('Diaphram Drift'!$B$8:$J2914,MATCH(B28&C28,'Diaphram Drift'!$B$8:$B2914&'Diaphram Drift'!$D$8:$D2914,0),8)*$J$16} -> 0.005972 | E28: {=+INDEX('Diaphram Drift'!$B$8:$J2914,MATCH(B28&C28,'Diaphram Drift'!$B$8:$B2914&'Diaphram Drift'!$D$8:$D2914,0)+1,9)*$J$16} -> 0.002676 | F28: =+VLOOKUP(B28,'STORY DATA'!$B$4:$E$44,2,0) -> 3.2 | G28: =$J$17*D28 -> 0.002986 | H28: =$J$17*E28 -> 0.001338 | I28: =+IF(ABS(G28)<=0.01,"Ok","Revise") -> Ok | J28: =+IF(ABS(H28)<=0.01,"Ok","Revise") -> Ok | N28: =+'STORY DATA'!B10 -> 5TH FL | O28: {=+INDEX('Diaphram Drift'!$B$8:$J4159,MATCH($N28&$N$20,'Diaphram Drift'!$B$8:$B4159&'Diaphram Drift'!$D$8:$D4159,0),8)*VLOOKUP(N28,'STORY DATA'!$B$4:$E$44,2,0)} -> 0.0074176 | P28: {=+INDEX('Diaphram Drift'!$B$8:$J4159,MATCH($N28&$N$20,'Diaphram Drift'!$B$8:$B4159&'Diaphram Drift'!$D$8:$D4159,0)+1,9)*VLOOKUP(N28,'STORY DATA'!$B$4:$E$44,2,0)} -> 0.0003584 | Q28: {=+INDEX('Diaphram Drift'!$B$8:$J4159,MATCH($N28&$O$20,'Diaphram Drift'!$B$8:$B4159&'Diaphram Drift'!$D$8:$D4159,0),8)*VLOOKUP(N28,'STORY DATA'!$B$4:$E$44,2,0)} -> 7.36e-05 | R28: {=+INDEX('Diaphram Drift'!$B$8:$J4159,MATCH($N28&$O$20,'Diaphram Drift'!$B$8:$B4159&'Diaphram Drift'!$D$8:$D4159,0)+1,9)*VLOOKUP(N28,'STORY DATA'!$B$4:$E$44,2,0)} -> 0.0080736 | S28: =+S29+O28*$J$16 -> 0.03280016 | T28: =+T29+R28*$J$16 -> 0.03775344 | V28: =+N28 -> 5TH FL | W28: {=+INDEX('Diaphram Drift'!$B$8:$J4159,MATCH($V28&$V$20,'Diaphram Drift'!$B$8:$B4159&'Diaphram Drift'!$D$8:$D4159,0),8)*VLOOKUP(V28,'STORY DATA'!$B$4:$E$44,2,0)} -> 0.0075136 | X28: {=+INDEX('Diaphram Drift'!$B$8:$J4159,MATCH($V28&$V$20,'Diaphram Drift'!$B$8:$B4159&'Diaphram Drift'!$D$8:$D4159,0)+1,9)*VLOOKUP(V28,'STORY DATA'!$B$4:$E$44,2,0)} -> 0.002128 | Y28: {=+INDEX('Diaphram Drift'!$B$8:$J4159,MATCH($V28&$W$20,'Diaphram Drift'!$B$8:$B4159&'Diaphram Drift'!$D$8:$D4159,0),8)*VLOOKUP(V28,'STORY DATA'!$B$4:$E$44,2,0)} -> 0.00304 | Z28: {=+INDEX('Diaphram Drift'!$B$8:$J4159,MATCH($V28&$W$20,'Diaphram Drift'!$B$8:$B4159&'Diaphram Drift'!$D$8:$D4159,0)+1,9)*VLOOKUP(V28,'STORY DATA'!$B$4:$E$44,2,0)} -> 0.007552 | AA28: =+AA29+W28*$J$16 -> 0.03071648 | AB28: =+AB29+Z28*$J$16 -> 0.03410944 | AD28: =+V28 -> 5TH FL | AE28: {=+INDEX('Diaphram Drift'!$B$8:$J4159,MATCH($AD28&$AD$20,'Diaphram Drift'!$B$8:$B4159&'Diaphram Drift'!$D$8:$D4159,0),8)*VLOOKUP(AD28,'STORY DATA'!$B$4:$E$44,2,0)} -> 0.0168864 | AF28: {=+INDEX('Diaphram Drift'!$B$8:$J4159,MATCH($AD28&$AD$20,'Diaphram Drift'!$B$8:$B4159&'Diaphram Drift'!$D$8:$D4159,0)+1,9)*VLOOKUP(AD28,'STORY DATA'!$B$4:$E$44,2,0)} -> 0.0049984 | AG28: {=+INDEX('Diaphram Drift'!$B$8:$J4159,MATCH($AD28&$AE$20,'Diaphram Drift'!$B$8:$B4159&'Diaphram Drift'!$D$8:$D4159,0),8)*VLOOKUP(AD28,'STORY DATA'!$B$4:$E$44,2,0)} -> 0.006448 | AH28: {=+INDEX('Diaphram Drift'!$B$8:$J4159,MATCH($AD28&$AE$20,'Diaphram Drift'!$B$8:$B4159&'Diaphram Drift'!$D$8:$D4159,0)+1,9)*VLOOKUP(AD28,'STORY DATA'!$B$4:$E$44,2,0)} -> 0.0153664 | AI28: =+AI29+AE28 -> 0.06996064 | AJ28: =+AJ29+AH28 -> 0.07057808
